,text,label
0,"купила через интернет магазин планшет, 4 раза поломался, с горем пополам сервисная служба,""новигатор"" списал планшет, и выдал акт о списании. В магазине ""Мобиллак"" г.ороде Кривой Рог, из меня сделали полную дуру, а потом только решили принять мой акт о списании службы ""новигатор"" сначала они сказали что вообще незнают что это за сервисная служба и разбирайтесь с ней сами!Но когда я всетаки добилась того что бы мне вернули деньгт, они сказали что нужно 7 дней для того что бы там у них чтото подтвердили.Вот прошло уже 10 дней, я звоню мне говорят что ваш запрос еще не подтвердили, и приичны неназываю. Вообщем я почти 3 месяца без планшета, без денег, и из меня делают полную идиотку!!",0
1,"После вызова пообещали приехать в "" наикратчайшие "" сроки, эти "" кратчайшие "" сроки составили 6 часов. По прибытию в дом, они зашли без каких либо "" спец "" костюмов и оборудования, в обычной одежде с обычными баллончиками, "" попшыкали "" я отдал деньги и они укатились, всё , насекомые как ели мои крошки с паркета так и едят. Оставили исключительно негативные и иногда даже смешные воспоминания.",1
2,"Уважаемый Юлмарт - мне всё равно есть ли у вас товар на складе !!! Раньше всё отлично переносилось по точкам, а сейчас нельзя .... ок, я потрачу своё время и покатаюсь по разным частям города, а вам Единица за эти ""приятные"" изменения !",1
3,"безлимитный интернет-тариф ""для ноутбука до 10 мБит/c"" по факту - 0.8 мБит/c.
подключил НА ТОМ ЖЕ стационарном оборудовании, вместо этого вон ю чего тарифа другой - ""МТС Интернет VIP 30 Гб"" - сразу стало 8-10 мБит/c))
смешно МТС! 3 раза обращался к вам в поддержку - пишете, что скорость не режете на тарифе ""для ноутбука""))))
по факту -... ",1
4,"На протяжении всего восьмого сезона в основном только отрицательные однозвездочные отзывы. Это же надо руководителям так бесцеремонно надругаться над таким замечательным проектом, это надо еще суметь так его опустить. ""Честь"" и ""хвала"" этим дядям, которые серьезный конкурс сумели превратить в выступление художественной самодеятельности. Хотя, надо заметить, что коллективы художественной самодеятельности зачастую ввступают гораздо лучше, чем нынешние конкурсанты Голоса.",1
5,"Перечислила ООО ""Паритет""деньги в феврале месяце за кресло, с тех пор на телефон и письма никто не отвечает, мошенники!!!Отправила претензию, письма на электронные адреса сотрудников фирмы, ответа нет. Пробовала сделать заказ, автоматически отправляется договор и счет на оплату, на этом обратная связь заканчивается.",0
6,"Смех! В анонсе ‘Голоса’ сказано, что в жюри МЕГАЗВЕЗДЫ????
Музыкальное образование только у Крида, а Максим пусть идет боксом занимается! Она , не имея музыкального образования суперзвезда?
Уберите ее от детей и научите одеваться соответственно ситуации
А судьи кто?",1
7,"При 100 % предоплате ( вот ведь повелась на скидку!) написали платеж подтвержден, заказ принят и после этого тишина- телефон не отвечает, на мейл тоже нет ответа. вот такая вот ""экономия"" получилась.Чтоб у Кривошеева из mi-ru online руки отсохли!",1
8,"Охранник(вернее охранница) увидев в нашей тележке несколько пустых пакетов на кассе при расчете, оставшихся у нас после того как мы с семьей набрали овощи, фрукты, демонстративно вытащила их со словами: ""Лена забери, а то у нас проблемы с упаковкой!"", передала их кассиру. Оставшиеся пустые пакеты мы всегда оставляем в тележке, а в этот раз поведение охранницы очень возмутило. Предлагаю компенсировать нехватку упаковки премией охранников, дабы не портить впечатление о положительных изменениях в самих магазинах. Чаще проводить обучение сотрудников по вежливому обслуживанию покупателей.",0
9,"Никогда в жизни не пользовался услугами ""Мегафона"", но вчера на мой адрес по почте России пришел от этой бандитской кампании счет на 4500 рублей за разговоры какой-то дамы с их симки, которую я даже в глаза ни разу не видел. Она наговорила на 450 рублей, а с меня требуют 4500. Круто! Даже бланк прислали для оплаты с реквизитами.",1
10,"Добрый день! Хочу предупредить потенциальных заказчиков ООО ""АБЦ"", что это мошенник.Фирма состоит из одного человека, Нохрин Сергей Дмитриевич-он учредитель, от директор.После того, как пройдет оплата счета перестает выходить на связь. Телефон молчит, на письма тоже не отвечает.",0
11,"Заказ у МотоСити - одна из моих жизненных ошибок... В указанные на сайте сроки не укладываются по ""техническим причинам""... В вацапе пишет какой то малолетний ХАМ. Из за срочности пришлось перезаказать в другом магазине где оказалось намного дешевле и оперативная отправка. Если от МотоСити когда нибудь придёт заказ, то отложу его в ящик с металоломом.",1
12,"Заказал нож ""цербер"" ,пришел через 39 дней, вместо обещанных 3-10, прислали абсолютно другой нож да еще и с непонятным крюком на конце, да таким что и из тряпичных ножен не вытащить.Естественно тупой как валенок и с нарисованным логотипом вместо фирменного. Не то что бумагу а и просто порезаться невозможно.Хорошо сработались сволочи вместе с когда то уважаемой почтой России.",1
13,"Здравствуйте, замечательно что я наткнулась на ваш сайт, очень хочется высказать претензии к работникам Дельта Банка. Не так давно мне на мобильный телефон позвонила девушка, представилась сотрудником Дельта Банка и в хамской форме начала объяснять что мол я вовремя не оплатила кредит,я попыталась объяснить что еще вчера погасила задолженность, а она продолжала грубо со мной общаться.После того как я не выдержала и начала хамить в ответ,она немного успокоилась и попросила номер квитанции об оплате.Может я и задержала на 1 день выплату,но это не дает право сотрудникам банков хамить клиентам. Хочу сказать,что ранее,в течении полутора года я своевременно и даже досрочно погашала задолженности!!! И что за новые правила, о которых ваш банк не удосужился предупредить, с чего вдруг к оплате прибавили комиссию в размере 10 гривен, раньше комиссия была только если оплата производилась через кассу,а теперь и через терминалы!!!!",0
14,"Поздно отзывы прочитал, были негативные, теперь пожинаю плоды. Я в числе тех, кто заплатил и не получил кода для активации игры. Закинул Купикоду за симсов и теперь утираю сопли. ""Благодаря"" таким аферистам, нормальные люди в инете не могут заработать, а пользователи получить услуги за свои кровные.",1
15,"Сегодня 10.10.2017, по улице Пятницкое шоссе д10 водитель  такси, номер РС 566 77, хендай, проехал  на пешеходном переходе в двух сантиметрах от 3 летнего ребенка. Ребенок в слезы от испуга. Муж сделал замечание водителю-чтобы соблюдал правила-в ответ нецензурная брань и агрессия со стороны водителя!После припарковал свой автомобиль возле тц ""Родник"" (р-н Митино) и пошел домой",0
16,"Забавно! Не ожидала, что я не один человек, которому стало жутко интересно узнать, чьим же это таким противным гвноголосом исполнено это гвнопроизведение, песней не назвать... А ведь с*ка же в башке мелодия прокручивает еще долго после просмотра этого ""шедевра""",1
17,"Ребята, это жулики. Сейчас ""работают"" с сайта http://msk.service-rem-pk.ru/. Но наверняка скоро перепрыгнут на другой. Будьте готовы к тому, что если вы откажетесь платить за их мошеннические действия, вам будет звонить некий магомед (тел. +79899127397), замогильным голосом угрожать отобрать автомобиль и вообще вас ждёт много весёлого, если согласитесь с ними сотрудничать.",1
18,"МОШЕННИКИ НЕ ОТДАВАЙТЕ ИМ СВОИ КОМПЬЮТЕРЫ   ООО ""РЕГАТА"" (ИНН 9731064790) осуществляет деятельность более 1 года. Адрес (место нахождения) юридического лица: 121609, город Москва, шоссе Рублёвское, д. 36 корп. 2, э/пом/к/оф 1/I/16/28. Организации присвоен ОГРН 1207700183855.Согласно основному ОКВЭД деятельность осуществляется в области «Деятельность рекламных агентств».ремкомп ремонт компьютеров",0
19,"Не покупайте ТВ на http://tv.msk.ru. Останетесь без денег.Сделала 100 % предоплату, нет не денег, не ТВ.Кормят завтраками.Обходите стороной этот ""магазин""............................. .........................................",1
20,"Уважаемые руководители ГУП Мосгортранс!Очень прошу вас навести порядок с движением авт.№772 ""Выхино-""-""2-ой Красковский проезд"".Уже две среды подряд 18 и 25 января на остановку ""Наташинская церковь"" в 9-44 утра по расписанию, автобус не приходит, а следующий в 11-06.По этой причине я (инвалид 3гр.)не могу попасть в микрорайон ""Кожухово""в бассейн ""Альботрос"" на сеанс 10-15 утра...Другим транспортом от моего дома в бассейн не добраться Прошу сообщить мне почему перестал ходить в это время авт.772 ? Может ему изменили расписание движения, но не заменили доску с расписанием????РS Извините, но как можно оценить вашу работу не получив от        вас результата по моему обращению?",0
21,"Более безобразного решения о мгновенном закрытии передачи показаний приборов на gu-is и обязательном переходе на ""госуслуги"" придумать было нельзя. Неужели нельзя было сохранить на 2-3 месяца паралельную работу двух сервисов. Или опять все для ""удобства людей""? В начале февраля передать данные на ""Госуслугах"" не получилось из-за не отлаженной работы сервиса, теперь невозможно передать показания т.к. нет показаний за предыдущий месяц.Класс.",1
22,"Платя за отзывы на сайте фриланс, заказывая нарисованные картинки с якобы фото их продукцией, приплачивая за лестные отзывы покупателей на своем петушином сайте, эти мошенницы вводят покупателей в заблуждение. особенно, если учесть, что в фабрике брака Требити оформлен только один человек - бывший ""дежурный"" менеджер в ГК Пенопол и, по совместительству, дочка этой уголовницы - Гомоюнова Юлия Андреевна.",1
23,"Люди, никогда ничего не заказывайте в интернет-магазине ""Меломан"". Я заказала подарок ребенку, они привезли его только через неделю и еще пытались взять деньги с родителей девочки, при том что я все оплатила картой... Капец, сюрприз получился на день рождения (((((((( При этом все, что они мне сказали ""ну да, неприятно получилось, больше такого не допустим"".. Конечно, нет, никогда в жизни у них ничего не куплю и вам не советую, если не хотите выглядеть идиотами в глазах своих друзей..",1
24,"Мошенники. Набрали заказы на отправку из Питера автопокрышек.Выставили счета от фирмы ООО""Транзит"" Москва с обязательной оплатой в теч.3х дней и пропали: телефон и сайт = 0. Заведено уг.дело. Заявления принимают в МВД Москвы ул.Усачева, 62.",0
25,"Данное учебное заведение в ужасном состоянии, не говоря уже про младший(второй) корпус, где учатся вместе с детским садиком в одном помещении, но при том дерут 4000 грн в год(к этому и будет все сводиться)- белые стены в раздевалке(они останутся на вашей одежде и в сердце навсегда), старые и дряхлые аудитории и мебель в них - до сих пор нет нормального расписания уроков, при том, что они ""работали"" все лето",1
26,"Менеджеры у них грамотные работают, умеют даже дер*мо преподнести так что примешь за золото!Вот и меня убедили что бочка изготовленная столярным методом, по современным технологиям будет лучше чем ""устаревшие"" бондарные бочки!Про то что она клеем промазана они как то умолчали технично, это я уже потом сам увидел. По факту бочка полных шлак, клей с деревом да еще и влажным вообще не дружит.",1
27,"Компания ООО ""Консалтинговая Группа Базис"" произвела на меня крайне негативное впечатление! Сложилось мнение, что просто разводят на деньги. Завлекают низкой ценой и быстрой работой. От услуг отказался.",0
28,"Спасибо вам огромное, за то, что вы теперь не показываете биллиард с потолка!! Сколько я об этом писал! И наконец свершилось!",0
29,"Петров Евгений аля Сувениров ты сам себе отзывы уже писать начал?? В который раз поражаюсь реалиям современного бизнеса)Вместо того чтобы честно работать и получать положительные фидбеки юные ""бизнесмены"" пишут положительные отзывы сами о себе. Смешно и грустно одновременно",1
30,"Дорогая Jun, Вы для меня, судя по Вашим комментариям, хороший и порядочный человек. Мое обращение (комментарий Михаила от 07.10.2019г. ""Голос уже не тот"") было к господину стоящему на коленях перед ""превосходством"" англоязычной культуры, а к Вашим комментариям я отношусь с большим уважением и не обижаюсь на то, что Вы меня сравнили с наставниками. Всего Вам доброго.",1
31,"Я просто поражён!!! 21 век,а матч тв ведёт трансляцию он лайн. Голос диктора как из ""космоса"". Матч МЮ и Барселоны. Ужасс⚠️",1
32,"Занимаемся возвратом средств с брокерских организаций. На Superbinary поступает много обращений в связи с:- ""слитием"" счетов- блокировкой счетов- отклонением заявок на вывод и т. д.Если были эти, либо же ещё какие проблемы с организацией, обращайтесь perunov.fx92 @ gmail .comКонсультации абсолютно бесплатно.",0
33,"заказываю с алиэкспресса, в способе доставки указываю почта россии.
каким-то образом вонючий монополист забирает себе доставку моих товаров, после чего мне перезванивает курьер, который говорит что не может мне доставить и просит договориться с автоответчиком чтобы я мог забрать свой товар у них на складе.
Вонючий СДЭК отстаньте от моих товаров животные, зарабатывайте в другом месте. Я всеровно добьюсь того что Вы... ",0
34,"Написал в поддержку по поводу претензии которую составил оператор несколько дней ранее, после этого меня просто заблокировали.
Войти и спросить почему такое отношение невозможно.
Вот такой честный сервис)",1
35,"Ввели платный возврат..... Очень супер. Тоесть продавец может спокойно выкладывать размерные сетки от балды, а мы будем платить за возвраты... Пытаются нажиться прям из воздуха. Такое чувство, что машина привозящая товары назад на склад не возвращается, поэтому обратную перевозку осуществляет другая компания??? Заказываешь три вещи одного размера по одинаковым обьемам груди и талии, одна по размеру, две малы. Простите за негатив. ",1
36,Услуга посуточно бронирования жилья очень попахивает политическими моментами! Также красиво втюхивают якобы заботиться о клиент ах и хозяева квартиры! На самом деле просто обдираловка которая удорожать стоимость квартиры а впоследствии увеличивает налог самозанятого! Плюс они намекают что они имеют какой-то алгоритм который им помогает определить почему поступил отказ от бронирование с той или другой стороны! Это очень сильно воняет тем... ,1
37,"СДЭК доставляет посылку, по прибытии ее в город (Москва) звонит менеджер и согласовывает день доставки. Пока все идет замечательно. Но вот на этом этапе начинаются ""технические сбои"", как потом будут твердить в колл-центре.

Технические сбои не позволят передать посылку в курьерскую службу, они же не позволят связаться с получателем, они же виноваты в отсутствии свободных курьеров, из-за них невозможно заказать... ",1
38,"Добавьте в этот список сайт интернет-магазина ООО ""Техника"" (Крокус Сити Молл, Международная улица, 8, Красногорск, Московская обл., тел.8 (499) 653-64-55)http://teck14.ru/http://texhcnika14.ru/По всем параметрам ОЧЕНЬ ПОХОЖЕ на мошенников: * нереально низкие цены (на часть товаров, якобы  - СКИДКА), * оплата вперед и на карту, яндекс-деньги,* в самом торговом центре этой организации нет...Берегите свои сбережения! Проверяйте тщательнее.",1
39,"Люди не имейте дело с ООО""ИНТОРГ"". Одни мошейники, товар в тридорога продают и еще торопят с выкупом, якобы скорей активизировать горантию изделия. Только выкупите и пропадают, вот этот номер 79635067498. Посылайте по этому номеру их подальше.",1
40,"ЭТО мошенники НЕТ ни ДЕНЕГ ни ТОВАРА, после отправки денег, начинаются отписки, а потом связь с ""менеджером"" и ""оператором"" прерывается, все переадресуется на какую то транспортную компанию, (несуществующую)Господа это МОШЕННИКИ",1
41,"Приобрел 10.10.2014 Nokia Lumia 735 в салоне-магазине МТС возле метро ""Маяковская"", на 1-й Тверской-Ямской, 8. - то есть не в ""левом"" магазине, - вроде куда уж надежнее, ""клюнул"" на акцию ""Smart на 6 месяцев в подарок""...Потом вылезли ""чудеса"" - при отключении он сам собой ""оживал"" и включался, - восстановление до заводских настроек ни к чему не привело, - никаких признаков жизни передней камеры, и такие же самопроизвольные включения...  Так что теперь ждем результатов экспертизы и возврата денег за этот ""дивный Виндоузфон""",1
42,"Удасная компания,никогда с ними не связывайтесь. Навязывают оборудования за бешенные деньги. Которое потом не с каким провайдером не работает. Роутеры прошиты только под сам ростелеком.",0
43,"Будьте внимательны и осторожны. Данный портал способен запросто и без всяких предупреждений вас кинуть.Мне лично было достаточно того, что я обратился в службу поддержки с вопросом о поступающих заявках от клиентовПосле краткого диалога EquipNet.ru заблокировал мне доступ к личному кабинету. На сколько я понял формулировка: ""Не актуальные профили удаляем."":-) Так что имейте ввиду - сидите вы на EquipNet.ru бесплатно или заносите туда денег - кинуть могут в любой момент. Легко и просто",0
44,"В связи с НЕОДНОКРАТНЫМИ историями о мошенничестве Ранта с его подрядчиками . В полиции уже Центрального района проверяют, могли ли застройщик ""Рант"" Шкрум В. и подрядчик ООО ""Авангард"" Засепский Б. заранее договориться и таким образом организовать преступную схему реализации жилья.",0
45,"04.09 посылка отправлена из г.Феодосия в СПб. 11.09 должна быть в СПб,сегодня 17.09 посылка не пришла. Путешествие посылки умиляет,уже 2 была в Краснодаре,по-ходу решила весь юг России посетить. Контора скатилась в дно...расчитывать на точную дату прибытия не стоит. Наверное почта России здесь выигрывает.",1
46,"Просто не объяснить словами про продажу билетов на поезд деда мороза. Второй год пытаюсь купить внучке билет и это какой-то кошмар. Сегодня взяла билет ура ,но не тут было ( про то как проходит оформление отдельная история) на всё ушло минут 5 и о чудо никакого забронированного билета не оказалась . Как так я же его взяла,на сайте даже... ",1
47,"Поздно отзывы прочитал, были негативные, теперь пожинаю плоды. Я в числе тех, кто заплатил и не получил кода для активации игры. Закинул Купикоду за симсов и теперь утираю сопли. ""Благодаря"" таким аферистам, нормальные люди в инете не могут заработать, а пользователи получить услуги за свои кровные.",1
48,"Вы ГОВНО!!!! Смотрите сами свой матч премьер!!! Только в эфире пищдеть можете, супер эксперты!!!! Губерниев, рожа улыбчатая, иди в биатлон!",1
49,"Ета передача в мире журналистики, как порнуха в мире кино. Наша Оленька там главная принцесса) Чем больше грязи и пошлее тем лучше, а она ой ето любит.",1
50,"Климакс у меня длился уже продолжительное время на момент знакомства с климафитом 911, поэтому я ориентировавалась в симптомах.Кто б знал, что после такого лечения 'облегчения' у меня долбанет ишемическая болезнь сердца. Это такой подарок, или ускорение на выход с этого света. Мне действительно уже страшно принимать какие-то лекарства, потому что даже такое с натуральным составом меня уничтожило.",1
51,"Как отдых в загнивающей Европе ребята? "" Патриоты"" Вы наши!",1
52,"Профессионалы с большой буквы!Хотим поблагодарить компанию  «ОГК Отопительные системы», а так же Грекова Александра Эдуардовича за быструю и качественную установку отопительного оборудования  для дачного дома для нашей семьи! Живем, не нарадуемся!! Тепло и уютно стало в нашем доме, можно теперь жить зимой!",0
53,"Даже не знаю как вы держитесь на плаву? Отвратительный сервис, рабочие словно 1й день на работе. Хорошо, что сразу заметили и отказались от услуг. Не советую! Кое как смогли вернуть предоплату!",0
54,"Одна сплошная реклама, в прямом эфире смотреть не возможно. Раньше показывали много интересного (пример топ матчи Англии) да что говорить, топ матчи России не показывают. UFC вообще забыли что такое, АСА тоже перестали показывать. Смотреть нечего. ИТОГ-полное Г!",0
55,"Доброе время суток!Я являлась клиентом ""Юрист-Лидера"" в 2014 году.Должны были написать исковое заявление и представлять мои интересы в суде.Заявление написанное юристами пришлось переделывать - услуга стоила 10 000 рублей.За представление в суде была объявлена сумма 8 000 р. за 1 выход(оплачено), выход в суд не состоялся - кинули!!! Извинения не принесли.В итоге иск в суд на них - дело выиграно, присуждена компенсация - не выплачивают!!!.Удачи всем. Надеюсь Вы не пострадаете от этих ""людей"".",1
56,"Я всегда считал голос классным проектом, но все-таки большее зависит не от тех кто поет, а от наставников. По мне так лучшие наставники это: Билан, Пелагея, Гагарина, Градский не плох, Баста, Агутин, Фадеев, (не важно, если кого-то забыл). Проект стал опускаться в яму еще с Лорак, которая ни черта не умеет слушать, это еще цветочки. Но вот Лобода с Кридом... ",0
57,"Здравствуйте! В последнее время совершенно невозможно уехать в вечернее время  с 19 до 20ч от остановки ""Полежаевская"" до ""Шеногина"" автобусом.Расписание не соблюдается, нет автобусов  6 и 294 маршрутов в течение 45-50 минут.Только маршрутные такси  ходят.Люди с детьми мерзнут на остановке.Очень просим разобраться в данном вопросе.Заранее благодарны.",0
58,"Не обращайтесь туда!!!!! Берут предоплату и скрываются, не берут трубки!!! ""Юрист"" Завьялова!!!! Господа, если не хотите лишиться денег и проиграть в суде -обходите стороной эту """" юридическую"""" помощь!!!",1
59,"Интересно получается здесь пишут как у меня было и с паспортом, врачами, оплатами. В налоги  даже заходить боюсь, и деньги потеряешь и пени насчитают.А на ""https://irecommend.ru/"" получается все отлично работает, и подробные инструкции, правда теоретические и не соответствуют.А там, директор ""ГосУслуг"" пишет отзывы и его секретарь ?",1
60,"ОГРН 5177746156946 Генеральный директор ООО ""Клевер"" Гермашев Виктор Сергеевич 14.09.1983 года рождения ИНН 381299697330, мошенник, решил закрыть ООО ""Клевер"", и кинуть всех обманутых покупателей. Всем обманутым покупателям срочно требуется писать заявление по ст. 159 УК РФ, иначе деньги свои не возвратите. есть вопросы? +79263245162",0
61,"Почитал отзывы, как будто медом намазано, и написано одним и тем же ""писателем"" про себя любимых, а зайдешь к ним на сайт, так вообще залюбуешься как все идеально. Люди очнитесь, да они делают мебель по качеству как дешевле некуда, зато денег просят как за элитную. Главное отдайте деньги, а потом попробуйте дозвонитесь туда, а если вам повезет и услышите в ответ, что им нужно уточнить где ваша кухня и почему уже все сроки прошли, а ее нет.",1
62,"Зашла в купе и тут такой сюрприз) неприятно. Могли бы повнимательней убираться! А к пассажирам, которые это оставили, ну позор !",1
63,"Когда только оформлялась по договору оказания услуг, мне такая форма трудоустройства была не очень понятна, так я раньше не работала, было даже как-то подозрительно. Но со Сбермаркетом так все сотрудничают, ну ни у кого проблем не возникало, есть такие кто на сборке по несколько лет, и не жалуются. Так что успокоилась, к графику привыкла быстро, с девчонками сдружилась. Не со... ",0
64,"Почивав отзывы людей! Я понял, что компания мегафон решила зарабатывать ОБМАНОМ! Ну что ж это ваш выбор... Дай вам бог ""побольше"" новых абонентов. Я, моя семья, мои друзья свой выбор сделали!!! Всем буду советовать только не мегафон",1
65,"Кидалово iphoneshop.biz сайт кидает всех на круглые суммы не вздумайте заказыватьНи телефон ни обратная связь не отвечают после оплаты внимательно читайте они с ошибками пишут:,,будите получать смс''осторожно это кидок",0
66,"2 декабря с.г. по номеру 88001000800 подал заявку 2021455081 на подключение домашнего интернета, обещали связаться, но никто не позвонил. 3 декабря пришла смс, что мне звонили с рекламными целями с телефона мошенников, проверил номер, действительно вроде ростелекомовский, но вызовов не было и он блокируется МТС, как якобы рекламно-мошенический.(улыбнуло, что то в этом есть). Также пришло смс, что заявка снята, т.к.... ",0
67,"Операторы деревянные (это если повезло дозвониться) , техники ленивые и необразованные

(работу свою делать не хотят) , почти в каждом салоне связи сотрудники грубые и некомпетентные

(на любой вопрос непонимание элементарных вещей и раздражительность) ! И это так по всей России.

Зато в любой рекламе слышим ""мы самые лучшие!"".",1
68,"Рынок или магазин предоставляет только лишь торговые площади для продавца, для покупателя естественно создает благоприятные условия, подъезды, парковки и тому подобное. Придя за колбасой или джинсами с нас не требуют показать документы удостоверяющие личность))) администрация существует для того чтобы решать конфликтные ситуации между продавцом и покупателем, она не сует свой нос в сделки купли продажи. Данные чудилы на букву м... ",1
69,Я пользуюсь мегафоном и мне нравится связь. Но уберите поскорее этого хера с экрана. Невозможно слушать. Сразу переключаю .,0
70,"Объяснять наверное не нужно, во что превратилась эта площадка с марта месяца этого года. Единственное что авито научилась хорошо делать))) это грести лавэ за тарифы в замен на блокировки без объяснения причин. Благо люди начали просыпаться и потихоньку сворачиваться с данного карнавала))) Смысл находится здесь))) если ничего нельзя, одни запреты, блочат как покупателей так и продавцов. Пожелать данным циркачам можно только провала!",1
71,"Связалась с этой ""фирмой"" по своей глупости, срочно нужно было починить телефон, не заряжался, думала сломалось гнездо, позвонила, телефон забрал курьер,на следующий день позвонил парень и сказала что ремонт моего телефона стоит 6800р, вроде как сгорела субплата,которая связана с гнездом, мы отказались от такого дорогого ремонта и этот парень начал скидывать цену, скинул до 4000р. Ооказалось,ничего у меня там не сгорело,это всего лишь не работал провод,( а провод на секунду стоит примерно 300 р вместо ""ремонта"" за 6800) делайте вывод из моей истории, и не попадайтесь на таких мошенников.",1
72,"НЕ СОВЕТУЮ ОБРАЩАТЬСЯ В ЭТУ ""ФИРМУ""1.Цены от мастера берутся с потолка(прейскурант цен при выборе двери и дополнительных работ заказчику не показывают)На руках у вас после установки и оплаты двери остаётся только договор.Ни кассового ни товарного чека,ни сертификата,ни каких-либо других документов на дверь не выдаётся.   2.Замки и фурнитура к двери крепится как попало(после небольшого срока эксплуатации, крепления замков разбалтываются,винты при закручивании прокручиваются,а фурнитура может сломаться).Это не пустые слова.",1
73,"Мошенники!Компания которая продает вип доступы и потом ""вроде как"" дает совет, куда вкладывать и как. После двух минусов огромных, компания говорит, что такое бывает и нужно вкладывать еще. Вкладывал, все время минусы, огромные, предлагаю вкладывать в проекты которые потом закрываются, в простонародии ""скамнулись""",1
74,"Телегин Сергей от нашего имени (ООО Мировые Инструментальные Технологии) ведет мошенническую деятельность,(принимает заказы по металлообработке, так же оплату берет наличными средствами, либо безналичными, но на другие фирмы не относящиеся к фирме ООО ""Мировые Инструментальные Технологии"")    в связи с этим, просим вас быть крайне осмотрительными при рассылке ваших заявок. ООО МИТ принимает заявки и ведет переписку только с Email адресов и телефонов указаных на сайте ооо-мит.рф . При получении предложений с иных адресов, как пример:(ooo-mit163@mail.ru, forsyte_163@mail.ru)Человек может представится Телегиным Сергеем.Просим вас незамедлительно информировать нас по указанным адресам:Email: ooo-mit63@mail.ru           ooo-mit@inbox.ruПо телефону: +7(996)-727-93-78+7(996)-727-15-40",0
75,"На данном сайте предлагается коучинг от Артура Фрейлиха,якобы он готов для предпринимателей за 1500евро разместить их товар на международные торговые площадки,лиц не занимающихся производством он готов взять в ""ученики"" и найти им товар ,который разместит так же на площадки и доведет до результата за 200евро(14.200 р. на данный момент). Я обычный студент,связался с ним,удалось даже говорить по скайпу,он убедил,что всё действительно так и уже на неделе я отправил ему оплату .Сразу после оплаты он перестал отвечать(странно,да?)и это продолжалось неделю,я писал в вот сап,скайп,вк и ответа небыло ,хотя он выходил в онлайн и в скайп,и в вк,и в вотс ап,я решил написать ему с левого аккаунта -""Здравствуйте,в ученики набираете?"" и тут же последовал положительный ответ,я сразу ему сказал,что есть статья в УК РФ на него и если так будет дальше,то я дам ход делу,а в ответ мне сказал,что это не Артур,а его помощник,он болеет и не может отвечать,в вк за него сижу я (казалось бы почему тогда не оповестил и почему он в вк не заходит зато регулярно появляется в вотс ап),он дал почту и сказал,что на почту он отвечает сейчас ,я сделал вид,что поверил и написал на почту после чего получил ответ,что была операция на глаза и он не мог,но уже скоро начнем работать.Я утих и подождал пару дней ,написал на почту и уже там не было обратной связи.Проходит еще 3 дня и он пишет,что начинаем работать и пропадает на три дня снова,я напомнил ему про статью и прочее,но он уже не испугался(может подумал,что это не правда или он избежит наказания) и решил проигнорировать.Этот отзыв я писал три месяца назад и никуда не выкладывал т.к. он сказал,если выложишь ,то мы перестанем работать.Шло время и он кормил меня завтраками(завтра начнем ,позвони сегодня и сам не брал трубку,занят,не дома,много работы и так прошло 5 месяцев с момента оплаты) Конечно ничего не будет,я это понял давно ,но сейчас решил помочь остальным не попасть к нему .",0
76,"в аптеках 245 и аптеке+ нет российсково жигулевского лекарства ""кальций Д3"" по 100 рублей предлагают свыше 400руб и 500руб.придуряют:как будто о таком лекарстве в первый раз слышат.сожалею,что аптеки тольятти отказываются поддерживать российскую промышленность лекарств.пенсионерам и инвалидам накладно покупать импорт",0
77,"Я работаю в плеер.ру уже больше 5 лет. Пришел сюда после сокращения в офисе. И я ни разу не пожалел, и даже рад, что тогда меня сократили. Отличный коллектив, зарплаты хватает, хотя у меня двое детей. Зарплата вовремя и бонусная схема прозрачная.",0
78,"Ужасная работа сотрудников Сбермаркета, заказали необходимый товар в 15.00, обещали привезти через час, в итоге в 20.00 сообщили, что нет курьеров!
Заказывали через СберМаркет в Магните, больше не буду пользоваться этим приложением, подвели сильно",0
79,"БДС Мегаполис Мошенническая компания, сборище жуликов, они вымогали мои деньги и хотели отобрать личный телефон, договор заключала с ними в переходе, якобы офис у них на ремонте, как оплатила через 2 минуты позвонил некий Антон и сказал ""Спасибо за деньги, не смей никуда идти, твои паспортные данные у нас есть"" и кинул трубку, получила непоправимый вред моему психическому здоровью",0
80,"Контора-разводилово!!! Берут деньги и парят мозг фигней всякой: присылают не связанные с делом ""документы"", которые есть в открытом доступе: ""выписки из ЕГРЮЛ"" и т. п.! Работу не выполняют вообще! Бегите от нее!!!",1
81,"сделал вызов, водиель пишет, что едет, потом пишет якобы меня забрал ))
я из-за такого клоуна, пока вызывал и ждал 2-ю машину опоздал на встречу к директору. компенсация: только извинения дежурные. зажрались!",1
82,"Скорость интернета очень маленькая. Сегодня замерял 0.4 мбс. Деньги снимают регулярно, а услугу предоставляют ужасную. Не рекомендую с ними работать. Показушники.",0
83,"Наконец-то,уже совсем скоро,я покину этого оператора!!!!!Каких нервов, последние года, стоила мне эта связь?!Последние года 4 разговаривать стало практически невозможно,постоянные обрывы связи...Все обращения по отвратительной связи и такому же LTD заканчивались стандартными отписками.Хоть бы одна сволочь предложила компенсации,ведь с моей стороны была полная и своевременная оплата.Главное.как взять-это на раз,а как вернуть-извините.у нас все хорошо((((",1
84,"Хочу поделиться своим опытом работы с этим ""юридическим центром"".За 3 месяца нам сделали 1 разрешение на работу,по второму все опоздали, миграционка просрочилась,на телефон отвечают с третьего раза, хамят.Изначально говорилось о сроке неделя, для разрешения на работу.Итог- необязательная конторка!Не советую работать никому!!!",1
85,"Купила с доставкой Монопод Xiaomi Mi Selfie Stick Tripod Black .
Доставка быстрая. Отличное качество товара и товар фирменный, не подделка!",0
86,все хорошо. но где наша прьемьер лига,0
87,"Ужасное имеет место быть на главном федеральном канале: купленое жюри, предпочтение инстасамкам, блокировка, развязное поведение, недалёкий юморок, примитивные комментарии, отсеивание талантливых исполнителей и др. Спокойные и толстокожие слушатели созерцают, глотают весь этот с виду весёленький проект, на котором всё нормально, упиваясь и радуясь происходящим шоу. Людям только беспринципным и безразличным может нравится этот балаган, рассчитанный на тупых и необразованных. Ужасно,... ",0
88,"Это за тупая компания?
На каком основании Авито собирает паспортные данные пользователей?
Работал в Авито профиле больше 10 лет.
После того как пришло сообщение что ваш профиль заблокирован и я должен пройти проверку и предоставить паспортные данные.сразу закрыл и удалил приложение.

Перешло на юлу и стало все удачно в один клик работаю как на Юле так и сразу в ВК и ок и... ",0
89,"5 лет не пользовался услугами МТС а тут решил вернуться снова. До этого был номер я от него отказался, написав заявление о расторжении договора. Но вот произошло ""ЧУДО"". Спустя 3 года всплыл старый номер не смотря на то, что я его закрывал в салоне. И как оказалось еще кто-то трындел по нему немало.И теперь требуют оплатить счет за того парня!",1
90,"Incpektor54, да вы правы насчет сайта ""пишем правду.ру"", я вначале у них отзыв негативный на ulart.ru написала 13.03.2019г. они его приняли но не опубликовали, видимо не прошел ""проверку администратора"", зато на следующий день появился отзыв о том какой это чудесный интернет-магазин с сногсшибательными ценами, надежностью и быстротой исполнения. Мой отзыв так и не появился, спустя 5 дней я ещё раз написала негативный отзыв на ulart.ru и с претензией на несоответствие их сайта (pishem-pravdu.ru) названию, скорее надо переименовать в ""пишем ложь.ру"" ",1
91,"Почему Константину Геничу дают комментировать Топ матчи видимо у него большой блат на телевидении.Гораздо лучше комментируют русские Черданцев, Журавль, Шмурнов и конечно Стогниенко.
Генич пускай комментирует матчи ФНЛ.Это его уровень.",0
92,"18 лет пользуюсь ростелекомлм. У меня интернет от телефона, АДСЛ, тот что каменный век, как динозавр, качает максимум 4 мегабит/сек, а плачу за него 750 руб в месяц! Три года стою в очереди на оптику, которая 100 мегабит/сек стоит 600 руб. Последняя отписка 24.12.2024г возможности нет на оптику.
И у меня больше нет возможности содержать данную компанию.",0
93,"Сегодня с утра получили ""заряд бодрости"" от сотрудников лаборатории, где принимают анализы.В школе №67 детям дали направления на сдачу анализов мочи и кала. В итоге - потраченные нервы, банку с направлением просто оставили и ушли. Считаю, что такое отношение в поликлинике просто не допустимым.Ведь большинство людей, которые приходят сдавать анализы отнюдь не здоровые!",1
94,"Классно придумали креативные менеджеры!
Теперь зрителям можно просто смотреть как несколько человек смотрят трансляцию и рассказывают,что видят со своей точки зрения.
Причем во время разговора им (экспертам) ещё нужно все таки следить за матчем.
Вообще получается, что прямая трансляция это лишнее. Зачем?",1
95,"Нет технической поддержки, на единственный номер дозвониться нереально, только онлайн оплата, на обращения отвечают размыто, по эл. почте и вовсе не отвечают , деньги возвращают частично или вовсе не возвращают . Так что несите свои денежка страну чудес !",1
96,"Я заказ оплатила 11 апреля, сейчас на дворе 27 мая и посылку я только сегодня смогла 1 раз отследить!!!!И я очень сильно сомневаюсь, что хорошие отзывы могут быть от реальных заказчиков, либо же они новечки....По поводу цен я вообще молчу. ""Типо"" они с продавцов % берут.Бред!!!Да и доставка из китая сейчас стоит  230 руб. 1 кг.",1
97,"Здравствуйте! Сегодня зашла в магазин расположенный в м-оне Дзержинец,Пушкино,М.О.,на кассе хотела расплатиться картой,т.к. наличных не было.при попытке расплатиться пришел отказ от операции,кассир сказала,что у меня заблокированна карта.а у них в магазине все в порядке.Мне пришлось оставить выбранный товар и пойти в другой магазин( не ""5""),где я спокойно совершила покупки и расплатилась той же картой.прошу разобраться с этой ситуацией,так как это происходит не в первый раз и именно в магазинах вашей сети.",0
98,"Совершенно согласен с мнением о мошеническом подходе к клиентам.. основная задача выманить большую цену за свои ""услуги""..причем предлагают стандартный набор решения вопроса .Юристов работают без определенных знаний и опыта...основная цель убедить клиента внести и подписать договор на оказание услуг за немаленькие деньги.Не советую туда обращаться.",1
99,"Пишу уберечь других людей от сотрудничества с данной конторой, которая якобы сотрудничает с tradegroupsolutions.com Не доверяйте трейдерам, тактика такая что работают вначале в плюс, затем сливают весь депозит. Говорят о якобы корпоративных сделках. Есть якобы Артур, Руслан, Алексей и многие другие ""красавцы"", которые разводят людей. Карма достанет их и их семьи.Аллах - судья.",1
100,"Для людей, которые учатся в интернатуре (в том числе и я), данный сериал является достаточно вредоносным.""Благодаря"" данному фильму, интернов, даже самых профессиональных, пациенты высмеивают, постоянно подшучивают и не воспринимают их рекомендации всерьез. Часто слышатся шуточки, прозвучавшие в фильме, которые унижают и оскорбляют людей, проходящих интернатуру. ",1
101,"Уважаемый департамент транспорта,прошу принять меры по поводу грубого отношения кондуктора троллейбуса №67,номер в салоне 262. К сожалению имени не знаю,бейджика на сотруднике не было.30 июля в первом часу дня я с ребенком села в троллейбус на остановке ""Арена-Омск"" в руках у меня были плинтуса,а у ребенка деньги на проезд.Кондуктор в грубой форме и с недовольным лицом объявила,что мы должны дать еще денег,за что я никак не могла понять,оказывается за багаж. За багаж мы заплатили без проблем,просто все это было в таком тоне и с психами,не допустимыми для работника.Когда я обратила внимание кондуктора на хамство с ее стороны и на грубый тон,мне в ответ сказали,что на голову сейчас мне оденут сумку и с этими словами кондуктор отправилась на свое место разговаривать по сотовому телефону.Такое публичное унижение на глазах у ребенка и пассажиров троллейбуса я не могу оставить без внимания!Надеюсь,в моей ситуации разберутся,заранее благодарна!жду ответа! номер билета652573 ,квитанция на провоз багажа003679",0
102,"Вывод таков: потраченное зря время,испорченное настроение,потраченные деньги на многочисленные звонки в эту компанию,убеждение в том,что в данной компании работают НЕПРОФЕССИОНАЛЫ И БЕЗОТВЕТСТВЕННЫЕ ""ЛЮДИ"". Уважаемые, если не хотите обжечься и названивать в шеллак рф,чтобы после быть посланной - то обходите эту компанию стороной!",1
103,"Не покупайте в этой забегаловке ничего.Заказ придет через месяц в лучшем случае тот который заказали но обязательно с браком или не рабочий в худшем вообще не тот.Денег обратно не дождетесь.""Специалисты"" на все вопросы тупо ответят я ничего не знаю я консультант с вами свяжется через ""50 лет"" наш специалист.Естественно никакого звонка Вы никогда не дождетесь пока не начнете им надоедать. ",1
104,"в WB приобретаю товар около двух лет, нареканий пока не было, как по качеству товара так и по обслуживания меня,курьеры всегда тактичные и вежливые, предупреждают заранее за несколько часов до доставке. Так же радует система скидок.Рекомендую всем своим друзьям и знакомым.",0
105,Г-н Нагучев! Занимайтесь своим делом!Нет футбола-нет вас! Вы обслуга величайшей игры! Уважайте Дзюбу!,0
106,"Заказали на этом сайте кухонный комбайн, после оформления заказа почти сразу позвонил ""менеджер"", подтвердил заказ , рассказал  условия доставки и прочее.После оплаты позвонил уточнить сроки отгрузки, меня переключили на отдел логистики и все, ни кто не ответил на звонки не отвечали.Счет был выставлен на фирму ООО ""ИНТЕР-ПУЛЬС"" ИНН: 7703401746.",1
107,"Заказала копию Phona7.Вместо копии phona7 пришол какой-то мною первый раз увиденный телефон под названием ""Volte4G"" построенный на андройде...функции полностью не совподают с phone7,зарядка даже часа продержать не может,при первом приминении зарядного устройства-блок сплавился,коробка без обвёртки,нагревается задняя часть тел.,интернет далеко не 4G...камера ужасная...как на старых моделях тел.не с чем не сравнить...мегает постоянно фонарик...не когда не отключаеться.В целом я прошу ВЕРНУТЬ МНЕ ДЕНЬГИ!!!НЕ НА ЧТО МЕНЯТЬ НЕ СОБИРАЮСЬ.С этого тел. 89142147162 был оформлен заказ.Зовут меня Алёна!",0
108,"Сделал заказ через интернет-магазин на брашировальную машину МАКИТА 9741 за 14 тыс.руб., прислали письмо со счетом от ООО ""СПЕКТРТОРГ"", подозрения не вызвали, я подтвердил оплату , ответили, что в течении 2 дней отправят товар и все, пропали, на телефон не могу дозвониться, на сайт не могу зайти, аккаунт наверное уже забанили. Кто нибудь может подсказать как наказать мошенников и возможно ли получить деньги обратно или просто забыть и быть внимательнее. Обидно ведь ОЧЕНЬ!",0
109,"Заехали с беременной женой в пицерию 17.01.2013 около 11.00, хотел удивить, и нас удивили холодной пиццей тоесть принесли через минут 10 слегка подогретую пиццу с курицей и грибами. Ещё через две минуты подали салат тоже не свежий . Я сделав замечание официанту,он пиццу забрал думаю принесет новую и свежую,принес эту ,говорю зови администратора. Мы не стали находится в этом заведении, подошел к бармену попросил щёт высказывая своё неудолитворение.Мне извенились сделали ""огромную"" скидку 7% заплатив 153 грн . ",1
110,"Мало того,что дорого и глупо,ещё и этого петуха псевдозвездуна в рекламу запихнули. Просто плевок в лица абонентов,да и простых граждан России. Этот народный артист очень отличился,пропаганда ЛГБТ,оскорбление журналистов,рукоприкладство по отношение к охраннику,голый петух,ой извините король,ах простите не в ту дверь..шлейф всего ,что этот Киркоров сделал,за всю историю карьеры. Это позор отечественной эстрады!",1
111,"После оплаты объявления аккаунт заблокировали без объяснения причины, деньги не вернули. Мошенники, схема супер.",1
112,"Самое ужасное такси в городе!Я такого ещё не встречала!Заказала такси(в частный сектор),машину назначили и после того,как села в машину водитель передумал ехать по нужному мне адресу,ссылаясь на то:""а вдруг там плохая дорога!"" и попросил выйти из машины!!!!!Сегодня эта ситуация повторилась и водителя не смутило,что я была с детьми!!!и цена проезда зависит от загруженности,а не от километража(как сказала оператор)!Поэтому ценник сильно... ",1
113,"Господа! Вот и повёлся на рекламу размещенного на Яндексе этого сайта!Сегодня , вроде ""лавочку"" прикрыли, на время ... Кинули старика и не поморщились! Подонки - одним словом!Бог им судья, но судит он строго, это я о тех девицах операторах.Всём воздастся сторицей!!!",0
114,"Заказал себе на сбермаркете кофе Bello Coffee ITALY ESPRESSO INTENSO. Признаюсь кофе отличный вкусный, свежий, ароматный, вкус насыщенный, мягкий, не кислит, не горчит, пенка хорошая, красивая, хорошо обжаренный, свежая обжарка, зерна отличные, одинаковые, цельные, упаковка прочная, стильная, с удобный замком, удобно хранить, если подарочный набор, то классный подарок. Если вы хотите заказать кофе то надо попробовать Bello Coffee ITALY... ",0
115,"Хотела посмотреть нормально ЧЕ по волейболу. Кроме матч тв другими спортивными каналами не располагаю. Не транслируют даже четверть и полуфинальные матчи, потому что наша сборная ""не прошла"". Вот сегодня вместо трансляции мужского волейбола за 3е место, Франция-Польша, показывают какой-то немецкий футбол! Ненавижу Конделаки, захватившую канал",0
116,"Аналогичная ситуация. Лично  мне сначала было сказано, что шины в наличии и придут в течении 3-7 дней, при следующем обащении был назван срок 5-10 дней с момента отгрузки в Германии, а на вопрос когда отгрузят в Германии ответ один: - ""Вы сегодня оплатите тогда завтра отгрузим"" и на вопрос, - ""а как же так шины успеют дойти за 7 дней из Германии через таможню до Челябинска?""  опять получил тот же самый ответ: - сегодня оплатите, а завтра отгрузим.На вопрос как получить возврат денег оператор на телефоне сказала, что связаться с поддержкой сервиса магазина по телефону не возможно, она не знает никаких телефонов только писать письма и ждать ответа.Написал запрос на возврат - никакого ответа не получил, хотя на вопросы касательно заказа ответ приходил моментально.",0
117,"Обещали:снять старую краску,выровнять рамы,""подтянуть""креплени я,утеплить и покрасить.Краску сняли вместе с толстым слоем дерева - рамы стали настолько меньше,что любой нож или линейка свободно проходят на улицу!!Все петли после ""ремонта"" теперь искривлены,а рамы перекошены.Из окон сифонит как из кондиционера!!Малярка вообще на минус 2.",1
118,"Не скажу что 5 звёзд, но достойная четвёрка. Много раз выручали, приезжали по времени, по договорённости. Но и было конечно, что часами не могли найти такси. Водители культурные всегда встречались, ну или взаимное общение😊",0
119,"Тоже красиво попал на 6,5 килорублей. Оплата, действительно, на карту частного лица.  В ходе оформления и оплаты - все увещевания в подлинности и надёжности.Результат: денег нет, сайта магазина нет, контактный телефон в режиме ""вечно занято"".Ещё один Буратино на Поле Дураков - это я )))",1
120,"Мошенники, в чистом виде. Присоединяюсь к предыдущему отзыву. Представляются как ООО ""Оптлидер"" г. Казань. Скидки только по предоплате частному лицу.www.citronix.ru. Кто попался, уже все.... Сайт не существует с 05.09.2018",0
121,"Лобода раздражает с первого выпуска этого сезона, но сегодня ее поведение (выпуск от 12 марта) превзошло все предыдущее: постоянное выскакивание из кресла с желанием показать себя, посиделки в обнимку с Бастой на подлокотнике его кресла, ну и каждая возможность показать себя, такую замечательную. Она , очевидно, забывает зачем и почему она находится в студии?",1
122,"Изначально заявлено что оптовая цена сохраняется за покупателем, это не правда! Сайт делают ""итак сойдет"",потом этот ""специалист"" игнорирует! Но все равно пишут и предлагают снова закупить оптовую партию!p.s Кто думает что отзыв фейковый,могу сделать скрины переписки,есть аудио сообщения,в общем не советую!",1
123,"Очень разочарована в компании Мегафон!!! Более 5 лет являюсь их абонентом, но последние 3 месяца работы с компанией и отвратительное качество связи, вынуждают меня расторгнуть сотрудничество. У меня безлимитная связь, затраты на которую не маленькие. Я проживаю в Измайловском р-не г. Москвы, насколько мне известно, именно в этом районе довольно давно проводятся какие-то работы, в связи с чем... ",0
124,Представитель Мегафона позвонил пожилой бабушке и уговорил её на более дорогой тариф обещая ей скидки на интернет кот орого у неё никогда не было. Просто безобразие!!! Обратно тариф вернуть нельзя. Молодцы ребята! И так связь стала плохой так ещё и надувают.,1
125,"Жена уже 8 месяцев не может получить загранпаспорт в УФМС фрунзенского района,потеряла квитанцию об оплате госпошлины и началось. Это что за бюрократия такая,и между каждым обращением проходит примерно месяц. Отлично работают в УФМС.",1
126,"ООО ""СИСТЕМА"" ИНН: 9701011840 – очередная фирма-однодневка от виртуоза обмана дракоши Ордера.  Генеральный директор  Балаян Арман Гарникович, фирма зарегистрирована   28.09.2015 г.Выбрав товар на лохо-сайтах без реквизитов, с фиктивными адресами магазинов и произведя предоплату, покупатель навсегда лишается и товара и денег. Вот небольшая часть интернет-дурилок:  radiuses.ru,  raked.ru, regarded.ru, radiuses.ru,    rabbiting.ru, reaping.ru, reaped.ru,  revved.ru,  rioted.ru,  riming.ru, romanced.ru, romaing.ru, rounding.ru, rowed.ru, rubbered.ru, russetting.ru,  ridded.ru, robing.ru, robed.ru, ressed.ru, removing.ru,  receped.ru,  raiones.ru,  rneting.ru,  passaged.ru, personises.ru,  personized.ru,  poshing.ru,  pigged.ru, parroted.ru, passaging.ru, pieced.ru, peopling.ru,  piracies.ru, parnasses.ru, praktiking.ru, packaged.ru, pensioning.ru,  maturing.ru,  magicpapers.ru,  mealing.ru, mesing.ru,  malted.ru , maketes.ru,  markmets.ru, majored.ru, maturing.ru,  mches.ru,  muffed.ru, mossed.ru,  merlinking.ru,  mummed.ru, metsis.ru, meining.ru, meowing.ru, marching.ru,  mumming.ru, maketing.ru,  maryjaned.ru,  messaged.ru,  warded.ru,  wenis.ru, wising.ru, welted.ru, wholesaled.ru, weighting.ru, woming.ru, warfares.ru, winlines.ru, witched.ru,  drouning.ru, univalves.ru,  unstacked.ru, usheaded.ru, utses.ru, uneted.ru, untared.ru, ukozes.ru,  uniforming.ru, uosed.ru, uoses.ru, ussing.ru,  vollmers.ru, vjed.ru, vying.ru,  veses.ru, vibrates.ru, veches.ru,  vestering.ru,  navies.ru,  newslis.ru,  nursed.ru, netnamed.ru, navaped.ru, neped.ru, noked.ru, rutemales.ru, onged.ru,   obeded.ru, oreasons.ru,  ofthed.ru, oreted.ru, objected.ru, orates.ru,  overliving.ru, onlinered.ru,   timeservers.ru, tedding.ru, treaming.ru, tenting.ru,  tenderers.ru, topsed.ru, tatets.ru,  tangoed.ru, twinning, teses.ru,  tebing.ru, , titling.ru, talons.ru, trammed.ru,  torises.ru, tandering.ru,  tutored.ru, trimmed.ru,  trolled.ru, tailing.ru, thumpers.ru, trested.ru,   quanting.ru,  quizzed.ru, spmis.ru,  sphering.ru, sotting.ru,  smeding.ru, svening.ru,  sociates.ru,  stakis.ru,  shakines.ru,  shelled.ru  ,  sphered.ru,  sphering.ru,  sproses.ru,  startsmiles.ru, sipped.ru,  singling.ru, sirred.ru,  sicked.ru,  shakines.ru,  sharped.ru,  skippered.ru, scouted.ru,  sphered.ru, spooned.ru,  skylets.ru, shotting.ru, sitrons.ru, scites.ru, searing.ru, stilling.ru,  slinging.ru, stitched.ru, suting.ru, satined.ru, seances.ru, selaed.ru, satined.ru, serting.ru, skalets.ru, sprinted.ru, spruting.ru,  stayers.ru,  summed.ru, syntones.ru, slabbing.ru,  scaped.ru,  slamming.ru, statusers.ru,  silaing.ru, suffixes.ru, scarring.ru  и т. д.Друзья, будьте бдительны, берегите свои деньги!",0
127,"Несколько месяцев, у меня было объявление на Авито, которое я поднимала, раз в месяц и все было отлично. Сегодня пришло сообщение, что ОПГ Авито посчитало, что профиль был зарегистрирован при помощи робота. Для того, чтобы вернуть мое объявление, мне нужно покрутить головой в камеру! Еще чего? Лохов хватает - пусть дают свои биометрические данные, а я размещу свое объявление на другом сайте ",1
128,"Опишу хронологию: Взял 4 телефона у них. В одном гарантийный случай, уже 4 недели ""тестируют"" хотя там нечего тестировать (отказали кнопки) Обещали вернуть деньги. Прошло 5 ПЯТЬ недель!! Во вторник с утра дали копию платежки, сегодня четверг в банках о таком платеже не слышали (звонил)...Ждем...  ",1
129,"Гнилая контора, тут и говорить нечего. Массовые обманы потребителя по всем городам где у них есть партнеры и филиалы! Сейчас стала изучать отзывы о Горводоучет и понимаю, что меня бог отвел. Хотела также к ним обратиься за поверкой ГВС и ХВС но не смогла дозвониться и слава богу!",0
130,"Мне назначили день когда приедут для гарантийной обработки, причем сказали, что препарат бесплатный, только за дорогу надо заплатить, три тысячи рублей. согласилась и на это,отпросилась с работы в назначенный день, прождала, никто не приехал, никто даже не позвонил, в течении двух недель звоню, трубку не берут, отличный сервис ничего не скажешь",1
131,"Новикова Ярослава Игоревна, вместе со своим муженьком, являются не иначе как аферистами. Остерегаю вас от общения с этими личностями, если хотите сохранить твои деньги и нервы. Клиенту вешается лапша на уши, его запетают красивыми словами, а в итоге оставляют ни с чем. А прикрывается всё это дело шаражкиной конторкой ""Солненый город"".",0
132,"Дружный молодой и интересный коллектив, нашел много друзей. Компания дает много возможностей заработать - дальше все зависит от тебя. Так же много разных тренингов и семинаров, для целеустремленных людей есть возможность отточить свои былые навыки и приобрести новые. Никаких задержек и просьб подождать ЗП - всё всегда ровно по графику.",0
133,"Александру Игнат Павлович мошенник, который наглым коварным способом выманивает деньги с карманов людей и делает все, чтобы люди несли деньги как можно больше. Конечно поражают наивные люди и я в их числе, потому что тоже попался на эту удочку и инвестировал 5 тысяч долларов. Как оказалось сделал я это зря, потому что мои 5 тысяч долларов быстро превратились в ноль, благодаря продуктам компании double case md. Теперь я банкрот и пытаюсь добиться правды, но однако как показывает практика, ничего нигде добиться нельзя, потому что все у них зашифровано, их руководитель Александру Игнат Павлович построил все таким образом, чтобы ни кто не смог доказать его вины.",0
134,"Заказал велосипед mersedes в магазине brandvel.ru, прислали бракованный велосипед - вилка переднего колеса кривая колесо невозможно установить, в ответ на претензию нас послали в веломастерскую. Когда заказывали нам обещали в подарок аксессуары на 3000 руб. (на сайте об этом написано) - подарок не приехал, в ответ  на претензию дают нам номер ""поставщика"", ""поставщик"" посылает обратно - он нам ничего не обещал и про подарки знать ничего не знает..., и пришлось нам ехать в веломастерскую ремонтировть новый брендовый велосипед.",1
135,"Судя по последнему сезону, наставники забыли в какой стране они живут, забыли о своем языке и культуре. Настоящие голоса и песни для них вчерашний день. Уже не хочется на это смотреть ни мне, ни друзьям и знакомым.",0
136,"Мегафон расхваливают во всех реклама что связь супер. У нас как не было связи так и нет одно враньё с телевизора самая отвратительная связь это мегафон до оператора никогда не возможно дозвониться, интересует только один вопрос когда будет хотя бы нормальная связь я не говорю уже отличная. Костромская область Вохомский р-н село Никола.",0
137,"Посчастливилось"" купить билет на поезд Новороссийск - Мурманск!!! Купе , 4 места...думали доедем с комфортом... Но не тут то было. В вагоне было неисправно: кондиционеры в каждом купе, должны были работать, но Нет!!! Оказалось не исправным, на минуточку, все окна были забиты"" , вместо кипятка нам предоставили воду с цветом Колы! На наши вопросы начальнику поезда, он ответил это нормально.... ",1
138,"Биатлон на 1-м канале!!! Как же это божественно!!! Без ""бастионов Вилухиной"", без IRON MAIDEN совершенно не в тему, без истеричных воплей - ""боремся за тридцатку"". Единственная проблема Российского Биатлона - тупой истеричный горлопан",0
139,"Здравствуйте! Купила  в магазине ""Пятерочка"" г.Ртищево масло оливковое CLASICO Global Village. Вот его никак нельзя назвать оливковым, ни цветом, ни запахом, ни тем более вкусом. Это что-то, в какое-то масло добавили граммов 50-100 оливкового.Постояв в холодильнике, настоящее масло густеет и меняется по цвету. С этим маслом не произошло ничего, Если оно произведено и разлито 09.11.20017,(как указано на этикетке) именно в ноябре-декабре производят оливковое масло.Поэтому я и купилась на эту дату, решив, что масло качественное.",0
140,"22 мая 2022г. Оставила заявку на сайте, для перехода с Мегафона на Мтс, с сохранением номера. Еще удивилась, как удобно все сделали, что бы не приезжать в офис! Чудеса 21й век)) С самого начала все пошло не так, доставить сим-карту должны были на следующий день, я весь день просидела дома прождала, никто не приехал, операторы горячей линии говорили, что передали... ",1
141,Вы половину трансляции боя закрываете рекламой. Черти вы самые настоящие. Швали продажные. Вы о людях хоть не много подумайте. Вам самим не противно?,0
142,"Перехожу на другого оператора, потому что, мегфон полный отстой. Связи нет там где нужна. Теперь они, мне ни дают перейти, блокируя паспортные данные. Ни себе ни людям. Очень рад, что ушёл с мегафона.",0
143,"Здраствуйте!!! Заказал запчасти на машину в Горелово Ленинградской области и доставка была назначена на 18.10.2023 г., но попадя 20.10.2023 г. в сортировочный центр г. Клинцы сдэк она пропадает 24.10.2023 г. Никто мне из компании сдэк не может ответить где моя посылка и при этом мне ещё грубят и отвечают что не несут ответственность за перевозку моего имущества. И хочу... ",0
144,"ТД Веда Кип выставляет счета от разных компаний, нам выставили от ООО ""РусьКранСнаб"", товар мы так и не увидели денежные средства тоже. На звонки ""гарные хлопцы"" не отвечают, на почту тоже! На юридическом адресе нет таких, как сказали на вахте юридического адреса--это украинцы, которые спешно съехали, покинули Россию в 20х числах Февраля 2022 года.",1
145,"Закал телефон Sony Xperia TX за 11200, подтвердил заказ. Пришло письмо ""Товар появился в наличии на складе в нашем интернет-магазине. В ближайшее время с Вами свяжется наш менеджер.Состав заказа: Sony Xperia TX — 1 шт, 11 200 руб. , цвет - black"", а на следующий день перезвонили и сообщили что цена 14500. Короче полный развод",0
146,"Рожала на Красном хуторе в августе 2012 года.Мне не понравились условия в роддоме.Во-первых до родов меня положили в стационар,мест в палатах нет,лежала в коридоре,не где переодеться.На следующий день я отпросилась домой.Я пол ночи проплакала,мне поставили капельницу перед обедом и я не смогла пойти на обед,никто с медперсонала даже не обратил на это внимания.Я лежала голодная,так,как не рассчитывал,что в этот день меня положат на сохранение.Если бы я не договаривалась с врачом  о родах,ко мне даже бы и не подошли поставить капельницу.Было не плановое кесарево сечение,все прошло хорошо,ночь лежала в реанимации,утром перевезли в платную палату.Посли операции я не могла встать с кровати,а мне уже на второй день оставили на целый день ребенка.Медперсонал заходил очень редко.За справку при выписке медсестра говорила:""А на шоколадку?"" или сто грамм и пончик"".Вообщем мне не понравился роддом.Если б не мой врач,не знаю,что со мною было б.",0
147,"Хорошо обученный и квалифицированный персонал. Помогли определиться. Хорошо организованна выдача товара. Очень много окошек с работниками . В очереди не стоял, т.к вызвали моментально.",0
148,"Я заказала 2 антенны (так посоветовали) когда звонил оператор с тел.+7(495)597-39-02.Пришел заказ и о ужас! Вместо японских антенн 2 китайские подделки модель FB-618, у нас такие стоят 100 руб.,и без ""встроенного декодера"" показывает 8 программ!Эти-же антенны не работают, рябь сплошная и ни каких-там 20-80 программ...Заказывали с Питерского сайта,а оплату произвели: Индекс 127051 МОСКВА,Москва, Сухаревский переулок,д.9,стр.1,офис 56 А. ООО""ПИМ(Почта)"".Сообщение :RPO=14571011085254.Перевод № 90787 на ФЕДЕРАЛЬНОЕ имя.Сумма перевода 2280 руб.Базовый тариф 50 руб.=2330.00. Прошу помочь в возврате денег и закрыть сайт лжепродавцов, что-бы не обманывали пенсионеров!Сама связаться с продавцом не смогла,сайт работает только на заказ,хотя гарантировали 100%возврат!",0
149,"Купила телефон аналог айфона 7пришел по почте без описи..проверить,что внутри без оплаты невозможно.выкупили вскрыли ,,,сенсор не работает...оператор который названивал из интернет-магазина не отвечает.Вот такая ""хорошая"" фирма ООО ""Спринт-АП""в Санкт -Петербурге.",1
150,"На сайте все понятно, удобно для поиска нужного товара и самого заказа, поэтому я быстро и без проблем оформил заказ. Доставка в срок - на следующий день после оформления. Всё работает хорошо. Цена со скидкой порадовала, дешевле чем в других магазинах. Спасибо за оперативную работу, рад что обратился именно к вам.",0
151,"Заказал 2 штуки Apple-Watch в данном магазине, вежливо пообщались. Обещали, что вышлют часы в этот же день (курьером ""DHL"") и в течение 2-ух дней они будут у меня. Пошёл 3-ий день: деньги с карты списаны, телефоны не отвечают, на сообщение по электронной почте никто не реагирует. Похоже, что это мошенники. Завтра иду в милицию и в банк писать заявление.",0
152,"Огромное спасибо .
Это было так красиво
Я теперь поклонница художественной гимнастики.
Столько талантов.
Такие они все красивые.
СПАСИБО ОГРОМНОЕ.",0
153,"Потребовалось заменить смеситель на кухне.На сайте компании в разделе ""Услуги сантехника"" Замена смесителя - от 750 руб.Позвонил, девушка оператор уточняет стоимость замены смесителя - 1 050 руб., соглашаюсь.Звонит мастер Андрей (925 715 73 ..) и начинает: у меня свой прайс утвержденный руководством и о ценах на сайте я ни чего не знаю.Перекрыть воду столько-то, демонтировать смеситель столько-то, установить смеситель столько-то, вызов мастера столько-то...Стоимость услуги - Замена смесителя выросла в 5 (пять) раз!!!Не верте заказным положительным отзывам на сайте Проблем-в-Доме.НЕТ, так как все отзывы с картинками, а форма загрузки картинок не работает, соответственно отзывы с картинками размещаются администратором сайта, а тексты  с кавычками «ёлочки» придумываются сотрудниками этой же компании.Вот так работает и обманывает клиентов компания Проблем-в-Доме.НЕТ",0
154,"Для подключения доп. услуг в виде мобильной связи требуется самостоятельно произвести все настройки, самостоятельно скачать кучу приложений, подписать онлайн договор, то есть фактически сделать за них всю работу, а они еще с тебя денежки спишут. Гениальное решение, явное преимущество перед конкурентами. При подаче заявки конечно же об этом никто не говорит.",1
155,"У Визави сейчас в десятки раз больше жертв чем могло бы быть, только потому что люди игнорируют отзывы в интернете. Им кажется что если менеджер говорит убедительно, то все именно так и будет. А вот нет, и Визави этим отлично пользуется.",0
156,"Продюсеры программы ""Голос"" - уроды, а вот моральные или физически, - это вопрос. Но то, что уроды - это точно. Создавать рейтинг программы - здорово, но зачем его создавать за счёт унижения вокалистов с репертуаром песен, который любим нашим народом, то вывод напрашивается сам собой. И жюри здесь вообще не при чём. Уважение к ним в любом случае поубавилось,... ",0
157,"Не для кого не секрет, почему на сайте Finishka.com и Atlant777.ru нет реквизитов а стационарных номеров - да потому что это все и есть Требити со своими вонючими фартуками, кривыми обоями от которых отваливается пленка и перекупленным китайским ""типа"" скинали на куске от теплицы.Так как этих фирм физически не существует.Если хотите проверить - найдите на этих сайтах хоть одни реквизиты продавца и адрес офиса юридический и фактический или адрес ""якобы"" производства, которого просто нет.Это мошенники чистой воды!",1
158,"Дочь с зятем прилетели из Венгрии, где живут, в гости, вижу их раз в год в лучшем случае. Собрались с родными и друзьями на даче в СНТ возле Новосинеглазово, Советский район города, с другими службами такси не было проблем. Ехать домой к Теплотеху, дочь вызвала это такси. 45 минут врали, что машина подъедет то через 4 минуты, то уже через... ",0
159,"С этого интернет магазина выставляют счета на ООО ""ФИН-С"" ИНН/КПП:7701374159/770101001Юридический адрес: РФ, 105082, г. Москва, Центросоюзный переулок, д.9, стр.3, оф.1, и после оплаты ни денег ни товара.",0
160,"Ну вот что сделали с голосом, прям смотреть не хочется, пытаюсь досмотреть до конца, а желания нет.
Юлия Зиверт отвратно портит своих подопечных, шедевры перепевая аж звук выключить охото. Полина, такая сильная в песне, во всех смыслах, ну что натворила с своими участниками, не надо оправдываться у кого температура, а кто не смог спеть. Еще два наставника осталось посмотреть., а совсем... ",0
161,"Ежедневно на работу, как на праздник я спешу,И, в маршрутку запихнувшись спозаранку, чуть дышу:Не от счастья, что я еду, удалось мне с боем сесть, -От того, что пассажиров стоя двадцать, а не шесть. ",1
162,"Касательно ""гарантий"" - пишу это спустя месяц после собственно аварии. Разумеется, фото с описанием ситуации в целом ушло им сразу же, однако каких-либо действий по исправлению ситуации ими предпринято не было.",1
163,"При изучении данной фирмы в лице Потапова Александра Павловича было выявлено, что он является должником и укрывателем от многих судов, соучредителем еще 2фирм таких же как и ""это""!!! На телефонные звонки не обращает внимания, на его долг перед всеми - не парится и говорит что все оплатит....Вот только очень много времени прошло. Никакого уважения к этому ""человеку"".",1
164,"Занимаемся возвратом средств с брокерских организаций. На Trade12 поступает много обращений в связи с:- ""слитием"" счетов- блокировкой счетов- отклонением заявок на вывод и т. д.Если были эти, либо же ещё какие проблемы с организацией, обращайтесь perunov.fx92@gmail.comКонсультации абсолютно бесплатно.",0
165,"Мошенники!!! не обращайтесь 3 бумажки из интернета вы самостоятельно сможете скачать, не за 35 тысяч рублей, а бесплатно!Юристы неопрятного вида, появляются один раз на первой ""консультации"" потом исчезают.",1
166,"Компания vnc brockers через подставного ""инвестиционного консультанта"" (партнерскую организацию) - компанию tradegroupsolutions.com - занимается спусканием денег со счетов доверчивых инвесторов. В vnc brockers признают, что якобы не имеют никакого отношения к компании tradegroupsolutions...",1
167,"Уважаемые граждане! По всей Москве уже откликнулось более десятка граждан, некоторые из них выкинуты на улицу и остались без жилья. На действия сотрудников МСК групп и людей, как то связанных с этой компанией набралось более 100 обращений в полицию и следственные органы столицы.       Всех кто пострадал от рук компании ""МСК групп"" просьба обращаться на почту dobro911@inbox.ru",0
168,"http://protherm-torg.ru еще один магазин мошенников.Ни каких оплат не делайте,проверяйте,это просто кидалово.По адресу их нет.ОСТОРОЖНО!МОШЕННИЧЕСТВ О!!!!!!!!!!!!!!!!!!!!!!!!!!ООО ""СИТИСТРОЙ""-МОШЕННИКИ!!!!!< br />ИНН 7743108293ООО ""САТУРН"" - МОШЕННИКИ!!!!!ИНН 7714950924",0
169,"Увидели в Плеер.ру робот Hobot Legee-7 за 37 988 руб, затем через неделю цена упала до 31 469 руб, мы решили взять. В магазин доставили через два дня. Качество высокое, обслуживание интернет магазина на высшем уровне. Магазин рекомендую.",0
170,"Ну развеселили. Скабеева так грозно сдвигает брови, говорит что народ будет недоволен. Себя причисляет к простому работящему народу. Смешно. Онищенко прав.",1
171,"Мы за мир!

Двигателем атомным согрета,
Сотрясая воздух и эфир,
Стартовала поутру ракета
С кодовым названьем ""Мызамир"".
У нее особое задание:
Надо, маневрируя хитро,
Привезти от школьников послание,
Несмотря на вражескую ПРО.

Чтобы знали дети Пенсильвании,
Алабамы и обеих Каролин,
Что в России Вовы, Тани, Вани -
Кроме либералов - все за мир!",1
172,"спасибо Вам товарищи-мошенники,что лишили мою семью на 20 тыс...а ваши родители и дети пусть пьют и едят вволю,чтоб не подавились,не спились,не обкурились,не не сгинули в подворотне!Чтоб Вас ,в новом году,окружали  такие же мошенники и проходимцы,как и Вы.Радуйтесь,что Вы нас обманули...и живите и созерцайте ""плоды своих трудов""!",1
173,"Был куплен моноблок - в итоге пришел без подставки, ножки и эксплуатация его невозможна, так как его попросту невозможно установить на стол. Больше всего поразила реакция магазина wildberries !
Товар забрали на экспертизу, деньги не вернули! Теперь кормят обещаниями, что экспертизу будут проводить в сроки до 45 суток!!!! Непонятно в чем заключается экспертиза Нового компьютера(к слову я его даже не включал)... ",0
174,"Большой, красивый, чистый магазин. Электронная очередь. Ждал около 3 минут (предварительно обговаривал параметры покупки в магазине по телефону. Сотрудник разговаривал вежливо, по делу, с минимумом эмоций). Вежливый, доброжелательный кассир.",0
175,"Самый отстойный канал какой есть вообще. Им интересен один зенит, и всё. Черданцев вообще уже, не знаю, лечиться нужно.",0
176,"Потерял с этой компанией 6000р. ВСЕ КАК И ПИШУТ ОСТАЛЬНЫЕ, ТОЛЬКО ВОТ РЕКВИЗИТЫ У НИХ НОВЫЕ И ОФИС НОВЫЙ. НАЗЫВАЮТСЯ ""Квадратный метр"", АДРЕС Оружейный переулок 41.",0
177,"Уже много организации пострадали от этой организации, сценарий который разыгрывают эти товарищи одинаковый , деньги предлагают перевести на организации - ""партнеры"".Потом идет долгая переписка и ссылка на различные препятствия в организации семинара с просьбой ""понять и простить "". В результате без денег и без семинара. ",1
178,"Мтс все еще воруют , 7 лет назад такая же ситуация была и сейчас уже переводы делают. А служба помощи в чате не способные амёбы которые просят обратиться в полицию. Отлично просто.",1
179,"Перестали в инфо писать, что конкретно будет транслироваться. Просто- футбол. Тогда пишите ещё клроче- спорт. Было хорошо, нет кто то решил умником стать.",1
180,"Я, Тарасевич Елена заказала часы DIESEL BRAVE  к ним ещё 2 подарка № заказа 13640967 от ООО""Альянс Капитал"" пришли совершенно не те часы даже нет логотипа сзади, а значит это подделка китайская и один подарок портмане не то что заявлено в рекламе,а вторые часы не пришли вообще. Еще заказывала подарочную коробку кожанную, она пришла разломаная и с дефектом спереди. Консультант Кирилл сказал что рассмотрят эту ошибку и исправят, я на это надеюсь, к тому же я имею право вернуть все, так как на них гарантия год, судя по сайту. Мой номер телефона: 89534429231 или 89101531050",0
181,"Начал работать в крупном супермаркете ""7 Континент"" м. Крылатское около месяца назад, обещали заработную плату в сумме 20000 рублей ( смена 2000 руб за 24 часа) , + премии за задержания/пресечения воровства, в итоге ожидалось 25-27 т.р.Спустя полмесяца, при авансе рассчитывал на свою премию (за 5 задержаний), которую мне обещал работодатель и старший смены, в итоге при проведении учета в магазине (который проходит раз в месяц) , лишили не только премиальных, но и части заработной платы.Это работа не стоит того, оттуда увольняются даже люди преклонного возраста, только при мне уволилось 4-го человек (это за месяц!)Я уже не говорю об общей работе супермаркета, от отчаяния , рабочий персонал бьет баклуши, неверно принимает товар или не принимает его вовсе ( спят бедолаги в пролетах) , распивают спиртные напитки ночью за кассой и через месяц увольняются..И последнее...Люди, не идите туда работать, там старшие кассиры моют полы!)))))",0
182,"Благодарю что с помощью Яндекс Маркета мне удалось найти такой магазин. Широкий ассортимент товара по приятной цене, товар новый и оригинальный. Приобрел телефон несколько месяцев назад, работает так же как после распаковки, все отлично, не глючит не виснет, бомба. К доставке вопросов нету, курьер молодой приятный парень, приехал вовремя все чётко! Магазин рекомендую!",0
183,Получили премию за английский футбол и за американские боевики. Молодцы. Кто вам вообще разрешил открыть канал?,1
184,"Авито, как оказалось, самая беспонтовая площадка, где можно ""приобрести"" товар. В городах еще нет официальных пунктов выдачи, а через иные доставки примерить покупку невозможно.
Т.е. организаторы авито считают, что шубу или сапоги возможно выкупить без примерки, ориентируясь исключительно на размерную сетку?
это очень ""оригинально"")",1
185,"29 сентября ехала с жел.вокзала на маршрутном такси ""Омск - Азово"" под гос. номером ""с 911 ар"".Знаю, и в салоне висит объявление,что от вокзала до техникума проезд 30 рублей. С меня запросили 50 рублей,аргументируя тем,""что маршрутка полная""..? Я торопилась и спорить с девушкой, видимо помощницей водителя, не стала, но вопрос остался:почему за проезд до техникума, что перед поворотом на Азово не 30 рублей,а 50рублей ? Прошу руководство данного маршрутного такси дать ответ на этот вопрос, вернуть деньги и следить за водителями и их помощницами.",0
186,"Читаю отзовы об ОНАР и не верю своим глазам, просто блистательная компания! Создаётся впечатление что эти отзовы пишут сами сотрудники ОНАР.У меня была проблема с автомобилем, юристы получили с меня вознаграждение в размере 25000, а отработали их на 5%.Если хотите получить головную боль и опустошенный кошелёк то Вам прямая дорога в ОНАР.",1
187,"Вместе со стабильной зарплатой и комфортными условиями - определяет моё отношение к компании. Мне здесь всё нравится. Бывают конечно переработки, но не часто.",0
188,"много лет получала книги было нормально.последнее время видать жить стали хорошо стали шутить""мягко сказано""не люблю ругаться матом.заказыиаеш одно а подсунут еще что нибудь.вместо двух томов хорошего издания вам пошлют один том но в двух экземплярах.а мы лохи закажим еще раз как нам нужно.и добрый оператор с улыбочкой как попугай будет твердить отошлите нам заказ а мы вам зделаем как нодо.кто из нас лох.",1
189,"Мошенник пытается защитить аферный сайт loxotrons.ru. Я работаю в полиции и ваш сайт мы заблокируем чтоб не обманывали граждан.""ЧЕСТНЫЕ"" они такие.И еще как защищается))) Бесполезно ваш сайт loxotrons.ru это афера и провокация.",1
190,"Пользуюсь Плеером часто, пройдусь о минусах их не много, основной это иногда доставка приезжает не своевременно, больше недостатков нет) О плюсах, это магазин с низкими ценами и хорошим, качественным товаром. После покупки постоянно остаюсь доволен!",0
191,"""Финалист"" Жора Русских петь не умеет совсем. Может только орать, драматично носиться по сцене, в наигранном ""исступлении"" топать ногами и изображать непрожитые им чувства. Избалованный смазливый щенок.
Прогнувшемуся Пресному - наше пролетарское презрение!",1
192,"Надежда, водитель на ВольсквагенПоло, белого цвета! Замечательный, опытный водитель в ЯндексТакси! Очень рекомендую всем! С уважением, Ирина, из Купчино",0
193,"А насчет СНиПа, так я могу выложить еще фото того, что наделали эти ""профессионалы"", вскрыли угол,а там слой штукатурки прямо на брусе, на штукатурку наклеена сетка, потом еще слой штукатурки . Специалист, составлявший акт, рыдал =) Да, и еще, за 2 недели после моего отзыва куча положительных отзывов на всех ресурсах))",1
194,"20.08.13 Заказал пластиковое окно на лоджию в компании ""оккоУстановку на 2дня задержали ну это ладно оказалось что ошиблись с размерами при замерке лоджии,решили сдолбить лишнее куда ставить всю конструкцию, Когда ушли на следующий день выяснил что по стенке ,где стоит окно сочит вода.Позвонил им, обещали подойти  в течении недели. В итоге не дождавшись доделал все протечки сам> Делайте выводы об этой компании!",0
195,"Выбрал для покупки Samsung UE55AU7500UX, этот телевизор был с наименьшей стоимостью. Перезвонили из магазина – цену подтвердили. Прислали мне высококачественный продукт со всеми полагающимися документами. Очень доволен сотрудничеством с данным магазином. На все вопросы были своевременно предоставлены ответы, не возникло никаких проблем с оплатой и получением заказа.",0
196,"Товар здесб всегда новый в запакованных коробках ни разу не включенный и РосТест. В этом отношении магазин отличный, да и много что там уже покупал. Вот только с доставкой проблемы, ниразу ещё курьер не прибыл во-время, опоздания на пару часов - здесь норма. В следующий раз попробую самовывоз.",0
197,"Не хотят печатать отзыв, ну и ну! Послали прям в прямом эфире и больше он не показался! Вот она "" любимая передача"" - как говорит Скабеева.",1
198,"Вчера я написала жалобу на МТС сюда. Внизу под моей жалобой появилась ссылка от МТС: перейдя по ссылке, я просто попала на их официальную страницу, то есть очередной замкнутый круг. В результате сегодня с меня списали деньги и втюхали услуги Мы МТС+, смарт-карту по которым вчера забрали и даже написали письменное заявление на расторжение договора, подписанное сотрудником МТС. Оператор торжественно... ",0
199,"Нравятся частые акции здесь. Если покапаться, то выгодно можно найти нужный товар. И главное доставляют быстро, ну и с качеством пока не подводили, всё работает исправно.",0
200,"Покупкой доволен. После заказа со мной практически сразу (был вечер воскресенья) связался менеджер, а затем и курьер.
Доставка была произведена на следующий день, как и договаривались.
Единственное предложение к магазину: не надо под каждым товаром писать, что гарантия от производителя. Это не соответствует действительности (в данном моем случае - тоже).",0
201,"Ответ мегафон ,на мой отзыв о мегафоне , поднял настроение. Спасибо за оперативность. Надеюсь и в будущем все будет хорошо.",0
202,"В МТС как обычно, ничего не меняется с качеством работы. Пошёл в офис, написал заявление на расторжение номера, позвонил вечером в колл- центр сказали, да есть ваше заявление. Позвонил на следующий день, нет заявления, идите ещё раз писать заявление. То-же самое 2 недели назад было с 2 симками, пришлось 3 раза ходить. Ну, что за организация суперская, работа выстроена.",1
203,"Ребята работаете классно! Ждете хозяев машины которую забрал эвакуатор и тут же подбегает, практически ни чего не объясняя. А цена доставки...... Учитесь у яндекс такси все кто хочет заработать на проблемах других!!",1
204,"Покупала фитобочку ""Фиторелакс""(fitorelax) всего пять месяцев назад, сказать по правде поначалу моему счастью не было предела. Однако длилось это счастье не долго, как оказалось парогенератор был не исправный, как только я его включила появился очень резкий и не приятный запах, который стоял в квартире очень долго. Парогенератор совсем не работал, а только вонял, прозванивали в компанию и просили как-то устранить данную проблему, но фиторелакс умело увернулся и обвинил нас в халатном использовании. Хотя мы включили парогенератор впервые! Сейчас фито бочка стоит обычным декоративным предметом.",0
205,"Обещали qr код от ковида, не пришёл, начал звонить в тех поддержкуЗвонил 45 минут, если не больше, когда настала моя очередь, просто тут же сбросили трубку, даже оператор не ответил.После звонил второй раз, ожидание 35 минут, тоже самое, ни ответа - ни привета Прикольно, удобно, для людей, низкий поклон.",1
206,"Замерщик свободен не раньше чем через неделю. Окей, договорился на с 16 до 18, получаю звонок от замерщика около 17 часов, что он сможет приехать не раньше 19, ну и вообще ""чтобы ему два раза не ездить"" (цитата), ""какая там площадь? А договор готовы заключить через две недели, потому что ну чего мне несколько раз ездить"".Ребята, можно не ездить! Спасибо за заботу!",1
207,"""ГОЛОС"" 11-ый сезон запомнится как НАИХУДШИЙ по всем показателям: по наставникам, ведущей, исполнителям, по организации проекта. Конечно, кроме оркестра, который всегда хорош.
Жаль, что когда-то начинающийся отличный проект превратился в такое несуразное постыдное зрелище. Очень жаль!",0
208,"ООО ""Промышленный союз"" АФЕРИСТЫ!!! после оплаты заблокировали, трубку не берут. менеджер Илья Захаров, но по фото определяется как  Воковой Сергей (МГАФК) там этих мошеннических промышленных союзов как говна за баней)Они же Адрес: 109052, г. Москва, ул. Смирновская, 25 Тел: +7(499)348-80-62 +7(499)348-28-92 Почта: zakaz.ruskransnab@gmail.com они же +7(499)346-78-04 +7(499)346-78-41 https://adventex.ru/ Москва, Большая Серпуховская, 25, стр.2 пом1, ком1, кб 15 они же ООО ""Промышленный союз"" ИНН 9705172781 Сидоров Дмитрий Сергеевич ИНН 503115963007 похоже настоящий, реальный человек, работал с Диво Добронто. не попадайтесь!",0
209,"Оголодавший облашаренный жулик пачками строчит душещипательные отзывы своих мнимых покупателей. Отзывы шедевральные, аж слезу вышибают. Видимо очень кушать хочется.",1
210,"Магазин довольна на все 100%. Я ни один раз покупала технику в этом магазине. Никаких нареканий. Единственное, за что поставила 4 - это за то, что у одного из телефонов, купленных в магазине, на следующий день полетела прошивка",0
211,"Юрист Кудерский Юрий Викторович - имеет огромное количество исполнительных листов, в том числе по моему иску к нему за недобросовестно оказанные юридические услуги. Решать вам - доверять ли такому ""юристу"".",1
212,"Если доп.услуги сверх купона не покупаешь, а хочешь только то что оплачено по купону - интерес к тебе пропадает. Записи нет, свободно только будни день и выходные после 6. ""Врачу"" на консультации сказала, что есть проблема с сосудами, и просила рекомендовать только те процедуры, чтобы не навредить, так ""врач"" даже не взглянула что там с сосудами, но выписала всего и по 10 раз.",1
213,"В 2014 году заключен договор на поставку срубов со 100процентной предоплатой. На сегодняшний день ни материалов ни денег!!! При этом, когда заходит разговор о сроках возврата денег, Алексей ссылается на свою ""крышу"" в Администрации г. Азова. Если вопрос не решится, вынужден буду обратиться на сайт Президента....",0
214,"была там, никакой консультации не получила. Сразу крутят на деньги и просят подписать договор, даже внеся ничтожную сумму предоплаты, Никто вас консультировать не будет, если вы пришли одни, придут два человека и будут применять нейролингвистическое программирование, склоняя подписать договор. Они будут внимательны и очень вежливы, они даже дадут позвонить и уйдут из комнаты, но там будет прослушка...и когда они вернутся, с удовольствием рассеют все ваши сомнения. Но никто из них не ответит ни на один прямой вопрос, связанный с законом.",0
215,"Империя Техно: интернет-магазин бытовой техники и электроники (imperya-tehno@mail.ru)при заказе товара, выдает реквизиты для предоплаты:ООО ""ТОРГОВЫЙ ДОМ ""ГЕРМЕС""Банк получателя: СЕВЕРО-ЗАПАДНЫЙ БАНК ОАО ""СБЕРБАНК РОССИИ""р/с40702810755080001347,ИНН 7804288649,БИК 044030653,КПП 780401001, после совершения оплаты более никто не перезванивает, по электронной почте, указанной выше, не отвечает, по телефонам на сайте http://imperyatexn.ru/ 8(812) 643-23-51, 8 (812)407-12-55 автоответчики и сброс звонков.СЛЕДОВАТЕЛЬНО - ДАННЫЕ ОРГАНИЗАЦИИ-ОДНОДНЕВКИ, НЕ ДЕЛАЙТЕ ПРЕДОПЛАТУ, ТОВАРА НЕ УВИДИТЕ.",0
216,У мегафона тоже начались выходные 🤣! Даже одной звезды для данного оператора много. Начиная с вечера пятницы и все выходные постоянно пропадает связь. Пожалуй надо отказываться от услуг мегафона.,1
217,"Очень интересная компания. Отъем денег на ровном месте и совершенно законно) Сменила тариф на симке в роуте, моя ошибка – не прочитала описание от корки до корки. Итог: за 1 день на новом тарифе для смартфонов 450 рублей (тариф за месяц, невозвратно), за смену тарифа на подходящий 150 руб., и собственно сам новый тариф 600 рэ.
Это ещё не все,... ",1
218,"Кушнерев Игорь Васильевич - это адвокат мошенник-самокатчик из Ростова на Дону. Уволен летом 2014 года из ""Щеглов и Партнеры"". Берет деньги вперед и создает проблеммы, чтобы взять еще больше. Никаких ресурсов для решения вопросов в судах у него нет. В случае требования возврата полученных мошеннически средств присылает кавказцев.http://law.edu.ru/person/person.asp?persID= 1311758",0
219,"Эта контора ООО ""ДИЗЕЛЬ-ЦЕНТР"", в основном, типа занимается ремонтом дизельных двигателей. Но если Вам «повезло» попасть на этот ремонт ,то это несчастливый год в Вашей жизни.Ты оставишь свою машину в этом «сервисе»  и независимо от твоего желания, денег, постоянного присутствия в этой шараге   … машину будут «ремонтировать» года два и всё равно не отремонтируют(главное затянуть клиента в этот «увлекательный»процесс и подсасывать с него деньги)…",1
220,"Ваууууууу!!!!!!! 21 век!!!!))))),а в такой иновационной и передовой стране,как Россия,президент должен вмешиваться в ситуацию с бытовыми отходами,или просто с мусором!!!!! - КРУТО!!!!!,или где до сих пор воду летом отключают!!!!))))))",1
221,"После бестолкового общения с представительницей МТС, я понял, что украсть деньги клиента, а услугу не предоставить - это нормальная практика этой компании. И оставаться на Тарифище - выбрасывать деньги на ветер. В общем, решил перейти на тариф, где нет никаких интернетов, нет никаких типа ""бесплатных безлимитных звонков"" и прочей туфты - это тариф Супер МТС. Вошёл в личный кабинет, сделал... ",1
222,"Услуги связи предоставляемые Мегафоном не оправдали ожидания (от слова совсем). Решила перейти на другой оператора, но уже в 3й раз мегафон ""не отпускает"" меня и не даёт согласие перевести номер на другого оператора. Дотянули до окончания месяца, что бы я оплатила ещё месяц абонентской платы, и снова жду. Очень интересно сколько это будет продолжаться)). В какой то степени тоже есть... ",1
223,"Кошмар!!! Телевизор перестал показывать( нет сигнала) 30 декабря. Оформили заявку аж на 5 января! Ребята, так то Новый год! Отвратильное отношение к клиентам!",0
224,"Уважаемые граждане России , не равнодушные к будущему нашей страны ! Поддержите и подпишитесь в письме Президенту РФ на официальном сайте "" СУТЬ ВРЕМЕНИ "" С. КУРГИНЯН с просьбой отменить людоедскую пенсионную реформу. Нас уже более 900 тысяч , но этого мало....",0
225,"""Юр. защита"" сама себе здесь пишет отзывы. Если смотреть по датам, то с 27 марта и, конечно, в апреле эта контора не работала. А вот некоторые ""удовлетворенные услугами"" ""обращались"" в это время за помощью и её ПОЛУЧАЛИ!",1
226,"Очередные Хапуги !
Других душат ,а сами цены ломят как умолишенные ( с пометкой не хватает машин, повышаем спрос) свалите с рынка и дайте другим работать с адекватными ценами ,и машин всем снова хватит!",0
227,"Не обращайтесь в эту фирму.Сегодня 26.12.2018 приобретал тел, Супруги в подарок, наушники как бонус упомянутый на сайте, отдать ""забыли"", пока не напомнил, кассового чека нет, стекло защитное наклеели КРИВО. В комплекте есть защитная накладка (прозрачная) родная, качественная, но об этом инфа умалчивает, предлагают под цвет тел (не ведитесь). Оценка - неуд. (первый раз, стал крайним)С Уважением!",1
228,"Покрутить у виска, глядя на таких "" прекрасных"" экспертов, а Попову хочется сказать, чтобы он проверился у врача. Никулин ему покоя не даёт, тронулся Попов умом!",1
229,"1. Заказал телефон Samsung Galaxy S7 Edge LTE 32Gb в двухсимочном исполнении (как было явно указано на сайте) в качестве подарка через сайт iphonegrad.ru, к телефону полагался бесплатный чехол, курьер его не привез, сказал что кончились, но будут через 2 дня. Я позвонил в магазин через 2 дня, ответили, что чехлы есть, однако приехав я получил ответ, что чехлов нет и не будет, а почему сказали, что есть не известно.2. Через несколько дней при попытке вставить вторую симкарту выяснилось, что данная модель для одной симкарты, при этом в коробке с телефоном была инструкция от модели для 2-х симкарт. Также выяснилось, что телефон ""серый"" был выпущен для американского рынка.Попытки решить ситуацию цивилизованно успехом не увенчались.",0
230,"Задержки, обратная связь - пустая болтовня, логистика - кошмар. Заказ путешествовал по стране в своё удовольствие. к юбилею подарок опоздал.",1
231,"Заметила, что зачастую наставники оставляют в проекте участников послабее. Пример песня Расскажите птицы. Как хорошо, легко пела девушка, заслушаться можно. Но ее отправляют домой, а в проекте остается парень совсем даже непримечательный. Это что, расчищают дорогу бездарным будниковым?",0
232,"отношение к потребителю наплевательское. сами подключают услуги. в нашем маленьком городе где больше половины живёт на минималку и где у них нет конкуренции стоимость услуг на четверть больше чем к примеру в казани, одним словом скоты! что бы расторгнуть договор нужно пройти 7 кругов ада! даже одной звезды незаслуживают!",0
233,"Гагарина и её подружка zivert пьяные??? это кошмар просто! включила, так как люблю этот проект. но больше не включу никогда! Испанский стыд",0
234,Суперский интернет-магазин с огромным ассортиментом товаров и отличным сервисом! Найти можно что угодно и по адекватной цене.,0
235,"Я, очень не конфликтный и спокойный человек. Но, эта транспортная компания, заставила меня понервничать и написать этот гневный отзыв. Рассказывать во всех красках, как я ждала курьера НЕДЕЛЮ, за забором груза, сколько раз я позвонила за это время на горячую линию и куда меня посылали (пусть и в мягкой форме).....я не буду. Пусть это останется пятном на карме этих несчастных... ",0
236,"Оригинальный power bank Baseus Bipow Digital Display 30000mAh, все заводские пленки и скотч на упаковке были целы, дополнительно был хорошо упакован в большую коробку с бумажным наполнителем для безопасной транспортировки. Заказал в понедельник, получил в четверг. Удовлетворен обслуживанием. Товар качественный. Рекомендую!",0
237,"обратился к ним за помощью.... ТОЛЬКО ВОТ ПОМОЩИ НИКАКОЙ ТО НЕ БЫЛО ВОВСЕ!похоже на то что они поняли что меня можно доить и начали спамить звонить ежедневно для того чтобы ЯКОБЫ быстрее мне помочь.""ну понимаете, нам нужно ещё, мы уже почти добились склонности судьев московского суда"" и всяческая подобная ахинея.если бы я раньше понимал в этих делах то не лез бы в это брокерское болото совсем.",1
238,"Кто в детстве не дослушал сказок, делайте заказ мебели у лисы Алиса 2000, и спокойно у вас примут денежки на поле чудес с котом Базилио-Анна Колташ. Кидают клиентов по полной программе, сделал заказ № 28 17.04.2017г до сих пор жду поставку, у них ""проблемы""  работники ""хохлы"" сперли инструмент, потому что их тоже кинули. Вранье на каждом шагу, по срокам по качеству.",1
239,"Почему нет хорошей ведущей Иоланты Чен на Матч ТВ ? Она прекрасно ведет репортажи, хороший эксперт и интересная ведущая. Уважаю старость, но Лидия Иванова неправильно ведет репортажи по гимнастике. Ее видимо специально поставили скрепоносные чтобы хвалить и восхищаться только россиискими спортсменами и гнобить иностранных. Да еще таким старческим голосом.",0
240,"Спасибо магазину за отличный товар по приятной цене. Привезли на следующий день заказа, проверили и чек дали и гарантийный талон. В общем все хорошо. Надеюсь так будет и дальше.",0
241,"Добрый день!УК ""Столичная финансовая корпорация"" признана банкротом. Заявитель - Михайлова В.Е. и 9 вкладчиков. Введена процедура наблюдения. Назначен арбитражный управляющий.На данном этапе Вы можете включиться с банкротство с помощью подготовки заявления в АС Москвы и подачи его с соблюдением закона ""О банкротстве"".Если Вам требуется помощь в подготовке и подаче заявления - будем рады Вам помочь.Михайлова Виктория 8-495-230-16-82; 8-495-003-43-91",0
242,"К сожалению и мне ""посчастливилось"" побывать у нее на консультации. Каждое слово сказанное выше правда. Мне очень жаль, что истинных знающих людей сейчас очень мало.",1
243,"Всем здравствуйте! Наше сотрудничество с Много Мебели началось с достаточно печальной истории обмана и безответственности. С рождением ребенка мы с мужем приняли решение о покупке новой, более просторной квартиры. После приобретения новой жилплощади, долго делали там ремонт, причем большей частью работ занимался муж. Далее по плану стал вопрос о новой обстановке, старую мебель совсем не хотелось перевозить в новый дом.... ",0
244,"Отзывчивый коллектив, всегда помогут и никто не гнобит новеньких. Все выплаты вовремя, официальное оформление. Рядом с домом не нужно ехать далеко. Руководство адекватное никаких завышенных требований. Работай и будет все нормально и по ЗП и по премиям.",0
245,"Полностью поддерживаю отзыв о данном экстассенсе . Довелось ""поработать "" с ней в Москве , результата нет , денег тоже , хорошо , что не воспользовался ее услугами риелтора, сберёг свою недвижимость",1
246,"Это просто бред! Что, ценители этого прекрасного шоу не могут определить лучшего исполнителя?! Не верю - все результаты подтасовка! Ведь всем понятно, что Алишер - величина, это действительно ГОЛОС!!!",1
247,"Был профиль на авито все было хорошо, заблокировали, попросили прислать копию паспорта, прислал, профиль заблокировали навсегда, при том что были предметы в авито доставке, соответственно денежки авито присвоило себе. Отличная тема для заработка.",1
248,"Всё же обогреватель теплоплит хуже греет чем кварцевые, в принципе первые два месяца ""разгон"" был не плохой, но использовали мы его в первые два месяца по осени, зимой же со своей задачей не справлялся, пришлось покупать обогреватели из кварцевого песка без мраморной крошки. Эти обогреватели отлично справлялись со своей задачей, наверняка именно мраморная крошка ухудшает качество обогревателей. Кстати вот интересный не большой видео обзор теплоплит обогревателей советую посмотреть.",0
249,"Пользуюсь этим магазином уже несколько лет, покупала там дорогую технику (фотоаппарат и объектив) и много чего по мелочи! Качеством товара всегда была довольна. Качество обслуживание на высшем уровне, менеджеры всегда внимательны, советуют все по делу, никогда не была разочарована. Единственный минус - много навязывают услуг.",0
250,"Получили от службы поддержки ""неожиданный"" ответ! Удивили! Если вы перестраиваете маршрут и разница в расстоянии между первым и вторым маршрутом 2,2 км. и по времени 12 мин., то она будет стоить для вас примерно 2000 руб. На вопрос о том почему водители не разговариваю на русском языке и почему клиент получает в свой адрес еще и угрозы не ответили.",1
251,"Название Умные фиксаторы ""5 секунд"" действительно соответствуют своему названию.На фиксатор приклеила легкий пластмассовый держатель,а на него повесила детский ситцевый халатик--продержался ровно 5 секунд. Приложила усилия ,продержался халатик 1 минуту с лишним. Экспериментировала с разными вещами ,результат тот  же.Большое спасибо!!!!!!!",1
252,"Прекрасно работают сотрудники РЖД на кассах пригородных поездов ! Перерыв электропоездов с 10 до 12.30 ,но не тут то было в кассах перерыв на обед с 12.00 до 13.00 ,вот вопрос ,неужели нельзя сделать перерыв на обед в перерыв электропоездов ?! Плюс на Лосиноостровской терминалы через один не работают !",1
253,"Хочу еще добавить к сказанному.В ходе лечения, естественно, в другой клинике выяснились новые факты.Сделав снимок переднего зуба,который меня тоже беспокоил после вмешательства Никулиной Е. А.( в него был поставлен штифт-вкладка, стоимостью 3000 т.р.), выяснилось, что у корня образовался свищ, и его тоже нужно удалять.Возможно, штифт был не достаточно обработан. Очень хочется надеяться, что на этом ""сюрпризы"" закончатся.",1
254,"Есть возможность частичной удаленки, в офисе приятная рабочая атмосфера. Много активностей для сотрудников - проводятся мастер-классы, лекции на различные актуальные темы. На внутреннем портале можно найти полезные обучающие материалы.
Работы много, она интересная, скучать не приходится.",0
255,"Сегодня 14 мая в 16:55 должен был начаться матч Штуггарт-Байер 04. Вместо этого показывают, а точнее затягивают программу ""все на матч"". И в этой программе (конкретно в этом выпуске) показывают бокс👍(да, это очень гениально). И ещё- бокса в программе нет!",1
256,"Магазин Ярче г.Междуреченск  проспект коммунистический в целом очень хороший,чистый,приятно там находиться! Хорошее обслуживание.Единственное хабалистый директор,не адекватный я бы сказала, по имени Олеся.",0
257,"Здравствуйте! Заказал ""супер мощный зарядник"" на 30 000 mAh, не работает. Во первых-пришёл зарядник на 25 000 mAh, во вторых- после восьми часовой зарядки, подключаю к нему телефон-разряжается за 150 секунд, так же и от солнечной батареи...что делать?",1
258,"Почитал отзывы об этой горе-конторе ""ЮРИСТ МСК"", даже нашел положительные. Хочется сказать: негативные отзывы сам про себя писать не будешь, пишут реальные люди. Положительные написали сами сотрудники этой 'чудо"" конторы, чтобы хоть как то разбавить всю ту чепуху  которую они творят. Обратите внимание, все положительные отзывы похожи, даже ошибочки. Пишут именно те нацмены, которые там и работают.",1
259,"Думаю все понимают, какие дорогие сегодня лодки. И вот, когда вы покупаете и она у вас и дня не проплывает, уходит ко дну. То знаете, как это здорово. Не рекомендую покупать на сата25, они торгуют барахлом.",1
260,"Хочу предупредить всех - не указывайте банковскую карту в приложении Яндекс-такси, никакой защиты там нет, деньги списываются за вызовы в других городах. Служба поддержки Яндекс-такси разбираться не хочет, разбираюсь через банк, т.к. карта зарплатная (пришлось заблокировать). Короче - море проблем за небольшое удовольствие поездки.",0
261,"Да, господа, это мошенники! С деньгами можно проститься. Но я сегодня отправила в Хамовнический РОВД г. Москвы заявление о мошеннических действиях.  Кстати адрес этой ""конторы"" наверняка левый.",1
262,"Если у Вас крепкие нервы и не жалко Вашего стального друга, можете спокойно обращаться в 	 ""Элком-Юна"" - Автосервис на Войковской (САО). Главное в их работе - это честность, открытость и любовь к Вашим деньгам!!!",1
263,"При обращении за консультацией, заверили меня, что стоит подать иск, т.к. дело выигрышное.В итоге некомпетентно составили исковое заявление. Судья даже не смогла понять сути претензии.""Специалист"", которому отдали моё дело перестала выходить на связь. Полностью игнорировала звонки и сообщения в мессенджерах.",1
264,"Сайт просто прелесть. Если вы хотите бескорыстно пожертвовать денежные средства благородным мошенникам Вам сюда. Здесь вам любезно не окажут никакие услуги, вы познакомитесь с новыми проблемами и обретете негодование на долгое время. Если вы запаслись валерианой и фенозепамом вам сюда.",1
265,"Обратилась в службу доставки ""Ин-тайм"" для того чтобы перевезти груз с одного города в другой. Связалась по телефону с оператором и объяснив ситуацию с грузом мне ответили что на 16-00 будет машина и я смогу погрузиться именно в этот день что было очень важно для меня и также мне сказали сумму перевозки. Прибыв на место заранее я стала дожидаться машину - ровно в 16-00 транспорта не было, я сразу же позвонила тому же оператору и она не ясно и не внятно объяснила что свободных машин нет, хотя я заранее договорилась с ней еще в 11 часов утра, и попросили перезвонить через пол часа - перезвонит услышала тото же ответ. Я уже начала нервничать и кричать в трубку на что мне все таки пообещали в 19-00 прислать машину, погрузка произошла успешно но нервов было потрачено много. Названная цена перевозки превысила первоначальную сумму но разбираться я уже не стала так как мне были дороже мои нервы.",0
266,"ООО ""БРАСКО""-МОШЕНИКИ. Я купился. ВЕК ЖИВИ-ВЕК УЧИСЬ. Всем пострадавшим рекомендую обратится с заявлением в пркуратуру и УМВД г.УФА,где адрес регистрации, через интернет по E-mail.Можно приложить копии  документов.",0
267,"Сборная России по хоккею- позор!!! А комментаторы как не сглаживали этот ""фурор"" сами ждали другого!!! Позор, позор, позооооооор!!!",1
268,"Здравствуйте, хотел бы высказать свое мнение о всем популярном сайте знакомств ""МАМБА"". Я думаю большинство людей, которые интересуются или иногда интересовались знакомством интернете, об этом сайте знают не понаслышке.Вот недавно и я зарегистрировался на нем(хоть я и не любитель искать любовь в интернете), все было сначала хорошо, очень много людей на сайте, красивый интерфейс, легко общаться, все было хорошо до того, пока мне не пришлось закинуть фотографии, внимательно прочитав правила, я решил закинуть, и что вы подумаете, все мои фото были отклонены с главной  страницы, и перемещены в альбом другое. Что я только туда не закидывал, по всем правилам, и чуть ли  фотку на паспорт, все напрасно, все фото были отклонены, незнаю почему, может прихоть модератора, но я решил удалится з сайта. Мое оценка, как в зачетку, удовлетворительно.",0
269,"ООО ""Легион"", ООО ""Джетстрой"" и еще много разных фирм выставляют счета и после оплаты пропадают. Вас вносят в черный список или просто кидают трубки.Вот их сайты:http://profmetallist.ru/http://metaltp.ru/http://zavodsp.ru/",0
270,Шашлык хоть и дешевый но по вкусу не очень. вижу много хвалебных отзывов но сюда второй раз не приду точно. Хотя заведение выгдядит многообещающи и ценник низкий. Шаурма есть вкусная на красном не далеко вот там мясо),0
271,"Удивительный мир сегодня открылся для меня! Я даже и не знала что такое бывает. С Яндекс такси я как пассажир с 2017 года. За это время ни разу не была в столь «милом» положении. Водитель обхамил за то что я была не довольна его решением повезти меня по длинному маршруту, да еще и пригрозил, что не один водитель из его... ",1
272,"Лохотрон!!!Сделала заказ на ""призрачном"" сайте 05.01.2018г., хорошо его не проверив, лишилась денег. Люди кто еще пострадал от этих мошенников в новогодние дни? Давайте объединимся, может есть смысл обратиться на канал ""Че"". Жалко своих кровно заработанных.Заказ № 2089Товар: Samsung UE40H6200AKЦена: 11 500 РУБДеньги были переведены на эту карту.Реквизиты для онлайн оплаты:Банк получатель ПАО СбербанкБанковская карта: 4276 4900 3212 6007Получатель: Шильников Алексей Владимировичhttps://tekhnocentr.ru/pay/payment/go/?tran saction=&item=3D%20LED%20%D0%A2%D0%B5%D0%BB%D 0%B5%D0%B2%D0%B8%D0%B7%D0%BE%D1%80%20LG%2047L B677V&amount=15000.Сейчас на их сайте вот так все выглядит.Не удается получить доступ к сайтуНе удалось найти IP-адрес сервера tekhnocentr.ru.Выполните диагностику сети в Windows.DNS_PROBE_FINISHED_NXDOMAIN в сумме",0
273,"Очень не понравилось откровенное впаривание не нужных мне услуг!!
16 дневная гарантия (ЧТО ЗА ХНЯ ????)
благотворительность (КОМУ ЗА ЧЕМ, НЕ ПОНЯТНО)",0
274,"Заехали с беременной женой в пицерию 17.01.2013 около 11.00, хотел удивить, и нас удивили холодной пиццей тоесть принесли через минут 10 слегка подогретую пиццу с курицей и грибами. Мне извенились сделали ""огромную"" скидку 7% заплатив 153 грн . ",1
275,"То, что Голос уже не тот, стало понятно еще в прошлом сезоне. Так сказать, прозвенели первые звоночки. Ну, а восьмой сезон, полностью показал как любимый многими проект покатился по наклонной вниз. И все, нет того, настоящего Голоса, нет хороших исполнителей, ну а про наставников даже говорить не хочется. Полный провал!",0
276,"Неуравновешенн ый тип.Не стала бы вверять такому своих детей.Так же хочу отметить завуча Ларису Геннадиевну.Ещё одно чудо,вдохновлённое сталинским режимом.В 2010-м году я наконец-таки перешла из 8-го ""Д"" в вечернюю школу,небо и земля.Хотя вышеупомянутый лол с претензией на директора жутко хаил вечерние школы в принципе.Школа дрянь крч,не ходите туда (:",1
277,"Эти кидалы свалили с рынка не заплатив за аренду, на котором из-под полы приторговывала вонючей опасной продукцией фабрики брака Требити ИП Кочеткова О.Е. ИНН 502209714727. в г. Коломна . Смотрите как эти отбросы тут извиваются, оправдывая свою ""честную"" конкуренцию и кидая всех вокруг себя.Не связывайтесь с этими уголовниками.",1
278,"Не первый раз покупаю различные товары в этом магазине, всегда доволен. Не дорогой магазин с широким ассортиментом.",0
279,"Я в шоке!!! Вчера было на счете 180 руб, сегодня приходит уведомление пополнить баланс, звоню, говорят, что трафик кончился и произошло автопродление, которое я не заказывала, а они снимали каждый день деньги по 40 руб!!! Класс!",1
280,"Размерная сетка вещей совершенно не соответствует реальности. Хорошо, что я заказала только два платья и больше ничего не решилась. Возвратов они не делают, по крайней мере так мне сказал продавец по имени Павел, максимум что предлагают свои бесполезные извинения. Магазин у меня теперь в ЧС.",0
281,"Сделала заказ ожидание 50 минут,прошел час позвонил сотрудник заменить товар ,я согласилась ,так же сказали что привезти смогут позже к 22:00,хорошо ))
Спустя 1.30 думаю ,что то уже долго нет курьера,зашла в приложение «заказ отменен»
Замечательно)
Спасибо)
Круто,а сосок главное я бы и до часу ночи ждала ,спасибо что сообщаете .
Позвонила на горячую линию ,в чем дело ребятки ?)извините не нашли курьера )))))
Класс,удалила вас... ",1
282,Как можно приглашать этот мешок с дерьмом по фамилии Белов? Он разожрался на наших харчах. Скоро треснет и вони будет!,0
283,"Март , апрель все было замечательно. Но то что происходит сейчас с доставкой , ни в какие ворота ... По несколько дней лежит после принятия на доставку . Изменили логистику . Теперь плюс и в Хабаровске долго лежит. Все посылки вдруг стали опасным грузом!",0
284,"Очень жалею!!!!, купил телефон в салоне мЕГАФОН, сунули симку, сказали можно не пользоваться. Ну кинул ее коробку от сотового!!! И вдруг...... через некоторое время получаю СМС, что должен за номер которыя я не активировал и не пользовался, а деньги с меня будут списываться, причем с действующего моего номера, за который я регулятно и без задержек плачу. Вот развод.... на бабло,... ",0
285,"Доброго времени суток!Так же как и все клиенты вышеуказанной ""компании"" я попался на их удочку, тоже отправил деньги за ДВС и больше ни ответа ни привета, в данный момент готовлю документы в суд. Если есть еще какая то ни было информация об месте нахождения данных мошенников, а так же о коллективном подаче заявления в органы правопорядка пишите, обязательно буду участвовать.Еще раз для всех ООО ""ГРАНДСЕРВИС"" ЭТО МОШЕННИКИ",1
286,"У меня все удачно складывается с этим сервисом, много раз уже заказывала всякое в Купере. Тут не только еду можно покупать. Технику тоже, причем даже не только мелочевку типа зарядок или кухонных весов. Мы вот холодильник покупали в Купере, в Эльдорадо)) Не говоря уже о мелочах типа продуктов, косметики или чего-то для дома, средств для посуды и тому подобного. Т.к.... ",0
287,"С. Ким реальная победительница. Обидно, что прогнившие бездари подвякивают и пузыри пускают. Давно пора байкотировать программу. Жаль реально талантлевых.",0
288,"Хотелось бы выразить несогласие с работой портала Наш Город. Не понятно зачем он нужен. если категории проблем строго ограничены.На мое письмо о том, что на у школы английского языка совершены 2 нападения, кроме того постоянно собираются бомжы и даже наркоманы, мне ответили, что это не рассматривается, вот если бы это было о мусоре в ненадлежащем месте, тогда другое дело...Хотя, чему я удивляюсь. У нас так во всем ""пишите и обращайтесь, дорогие граждане"", а на деле никакой помощи...",1
289,"Там была и продавец,её сестра,которая проявила непомерное хамство вплоть до оскорблений и размахиваний руками.Когда хозяйка,поняв мою правоту,бросила мне 2т.р,её сестра проявила ""высший класс"" обслуживания.Она пыталась вырвать у меня эти деньги,грозила охранником,кричала""Вон из магазина и т.п"".На прощание она обласкала меня ""старой курвой"" и это в вашем-то прославленном городе ""ДОБРА И БЛАГОПОЛУЧИЯ!"" ",1
290,"дозвонится не возможно,не отвечает ни один телефон.Осенью заказала ирисы.Пришли,в плохом состоянии.Реанимировала ,посадила.Зацвели,и о чудо!Ни один цвет и сорт не совпал с тем что заказывала!!!Я понимаю что это всего навсего цветы,но осадок остался не хороший.Мне интересно кто за это будет отвечать?",1
291,"Сервис стал ужасный. Тратишь время на формирование заказа, ждешь, надеешься на привоз продуктов, в итоге тебе его в последний момент отменяют, ссылаясь, то на сбой в системе, то на нехватку сотрудников, то машина у курьера сломалась. Смешно!!! Не можете, не беритесь!!!",1
292,"Четвёрка соловьёв-наставников извертелась в креслах.Одна ноги на подлокотники забрасывает, другой ногами на сиденье встаёт, садится на корточки в позе ""орла"", советуя остальным членам жюри следовать его примеру.
...""..А вы, друзья, как не садитесь
Всё в музыканты не годитесь..""
Предлагаю руководству 1-го канала заказать у голландцев для """"лучшего наставника"""" кресло с поручнями и стульчаком. Если нет денег, используйте наше. На РЖД есть прекрасный... ",1
293,"Осторожно, ООО ""Аррегла-строй"" и Карапетян ОткрытьМне пришлось участвовать в судебном процессе с этой, с позволения сказать, строительной фирмой и её бессменным (не единственном ли?) представителем Карапетяном Овиком Геворковичем. Все банально до оскомины - любым путём побольше хапнуть аванс под накрученные ""сметы"", сделать вид, что контролирует ""работу своих гастарбайтеров"", а потом, если у клиента кончилось желание или деньги авансировать эти ""рога и копыта"", перестать реагировать на запросы клиента.Суд Карапетян проиграл - теперь его контора должна сдачу со своих ""услуг"" порядка 400 000 рублей, поскольку вся их работа не 550 000, а лишь 140 000 стоила. Держитесь подальше от таких строительных услуг.",1
294,"ФИРМА-ОДНОДНЕВКА, ДЛЯ КРАЖИ ДЕНЕГ ЧЕРЕЗ ИНТЕРНЕТ МАГАЗИНЫ!ООО""Сириус"" инн 9701035826 кпп770101001101000 ГОРОД МОСКВА ПЕРЕУЛОК АРХАНГЕЛЬСКИЙ ДОМ 9 ОФИС 6 (дата регистрации или изменения: 25.03.2016)ГЕНЕРАЛЬНЫЙ ДИРЕКТОР КУЗУБОВ АЛЕКСЕЙ ВИТАЛЬЕВИЧ (дата регистрации или изменения: 25.03.2016)Уставный фонд	150000 (дата регистрации или изменения: 25.03.2016)	КУЗУБОВ АЛЕКСЕЙ ВИТАЛЬЕВИЧ 761206552766",0
295,"Сегодня 6.01.23
Заказала массажор
Привезли через час. Все идеально упакованно, работает также идеально!.
Спасибо, буду теперь у Вас совершать покупочки!
Огромное спасибо за скорость доставки!",0
296,"2 АПРЕЛЯ ВЫЗВАЛА МАСТЕРА НА РЕСТАВРАЦИЮ ВАННОЙ ОТ ФИРМЫ ООО""ПРОГРЕСС""Мастер в течении 45 мин.покрыл акрилом,не снимая старое покрытие.Было оплачено 6450.00На след день обнаружила выемку и по стенкам острые стыки от краски.Позвонила мастеру,он приехал через день 04 апреля,замазал какой-то шпатлевкой,признал свою вину и сказал приедет отполирует и покрасит.Сегодня 11.04. он так и не появилсяВанной нельзя пользоваться,вообще ужасно,не думала,что в наше время может такое отношение к своей работе.Сказал , что ему некогда.Отправила фото с претензией, пока не знаю,когда пришлют мастера ,чтобы довести до конца свою работу.Осадок не приятный.",0
297,"Вторые сутки нет интернета. Номер обращения 1-718031307786, из инфы только перенос срока. Замечательная работа. А если учесть, что завтра воскресенье, инета у меня не будет до понедельника. Нормально, чего там, услуги не оказываются, а вот деньга за них берётся, как будто пользуюсь, не вынимая...",1
298,"Есть матч ТВ эчди,там нет этого коммента ""хваленного"" достал уже! Несёт всякую чужь?!отдайте его в Комеди клуб! Там всё прекрасно, великолепно!!!!",1
299,"Не понравилось ни само отношение к клиенту, ни оказание услуг. Очень жалко потраченного времени и денег. Результат нулевой, пяти тысяч как и не было, глаз дергается. Обратилась на свою голову за помощью по возрату косметики Дешели к адвокату с фирмы Интеллект, аванс получил и просто пропал, ни в офисе поймать, на звонки не отвечает, ноль реакции. Отлично работают ребята(((",1
300,10лет я пользовалась номером. и как только столкнулась с проблемой начали водить меня за нос.... одно словом шараж монтаж... не профессиональная команда!!!,0
301,"По истечении месяца пользования, описываю картину: Реальное разрешение 800х600.Шумит чуть тише робота пылесоса.Размеры, ну это просто писец, он громоздкий, что слов нет. Пристроить его на стену или на полку явно не выйдет, он настолько огромный, что жуть. Если кто-то тут пишет, что он ""компактный"", то это враки, попробуйте взять две толстые папки с арочным механизмом и положить туда кирпич, вот такой он компактный.В общем кидалово полное!!!",1
302,"texnikasale.ru - Осторожно! Дурилка №140 сегодня! Попала на них на днях(( Не успела найти текущие отзывы.Итог: Заказ не привезли, телефон не берут, личный кабинет мой удалили. НЕ переводите деньги на ""левый"" номер карты. Это мошенники.",0
303,"Работал одно время в компании ""Ресурс-сервис"". На самом деле, это абсолютно липовая компания, которая занимается установкой и продажей огнезащиты по поддельным сертификатам. За всем этим стоит один директор. Причем после месяца работы еще и зарплаты своим сотрудникам не выплачивают. Кидают не только чужих, но и своих.",0
304,"Ни когда не пользуйтесь услугами юридической компании ООО ""Партнер"".Приглашают на бесплатную консультацию на которой рекламируют свою компанию и предлагают заключить договор и соответственно заплатить. Итого Письмо-претензия мне обошлась в 18 700 руб.(волшебная вышла бумажка).",1
305,"С 18.07 отсутствует интернет. Каждый день кормят завтраками. Предлагаю фрагменты общения с Мегафоном:
Уважаемый оператор с самым быстрым интернетом, умоляем Вас, назначьте нам пожалуйста новый срок, 17 -й по счёту, когда мы сможем пользоваться Вашими услугами ( за наши деньги). Пожалуйста обманите нас в очередной раз, и пожалуйста не мелочитесь через 2-3 дня, чего уж там давайте сразу 1 сентября.

Сергей, добрый... ",1
306,"случайно наткнувшись на ваш сайт, была вне себя от радости - и цены, и ассортимент, и оперативность доставки просто супер. Летела домой, предвкушая открытие посылочки - и... все оказалось залито открывшейся шампунью... идти обратно на новую почту, думаю, смысла нет, нужно было открывать посылку там! Очень очень расстроена...",0
307,"ООО ""БИЗНЕС ГАЛС"" Продают не существующий кабель по низкой цене после получения денег на свой рс просто пропадают, не в коем случае не связывайтесь с этой компанией они раньше назывались ООО""НИИИЭ"" прямое и наглое кидалово!",0
308,"Покупал планшет ASUS. После оформления заказа через Яндекс.маркет, позвонил менеджер для уточнения и подтверждения. И в тот же день планшет был у меня. В целом, от покупки в магазине Pleer.ru у меня остались положительные впечатления.",0
309,"Почитал отзывы, как будто медом намазано, и написано одним и тем же ""писателем"" про себя любимых, а зайдешь к ним на сайт, так вообще залюбуешься как все идеально. Люди очнитесь, да они делают мебель по качеству как дешевле некуда, зато денег просят как за элитную. Главное отдайте деньги, а потом попробуйте дозвонитесь туда, а если вам повезет и услышите в ответ, что им нужно уточнить где ваша кухня и почему уже все сроки прошли, а ее нет.",1
310,"ООО ""Ника"" - это шайка жуликов.Я заказывала у них виниры. По всем сайтам идёт сейчас назойливая реклама. Я заказала, а получила в коробке 2 непонятных предмета.Заплатила 4000 р. Потом долго пыталась по эл. почте добиться ответа и звонила по их телефону - НОЛЬ!!!!",0
311,"Придя в отделение Управление записи актов гражданского состояния Алтайского края находящиеся по адресу пр. Красноармейский, 72, к. 1306 мы с моим будущим мужем застали огромную очередь - конечно этого не ждали так как у каждого были свои дела, а заявление подается тоже только в рабочие дни - но решив что уже если пришли то закончим начатое стали ждать! Прошло примерно минут 40 очередь сдвинулась только наполовину, а сотрудники Загса то и дело выходили из кабинета и просили подождать людей 5 минут - которые растягивались на все 15 - это не считая обеда! Дождавшись очереди и войдя в кабинет мы наткнулись на грубую женщину которой надо было бы работать в магазине и обвешивать покупателей, которая устроив нам допрос отправила в банк заплатить государственные взносы - в общем когда мы возвратились из банка и думали что на этом все закончилось пытаясь вручить ей копии квитанций - нас ожидал ошеломляющий ответ - ""Занимайте очередь"" в которой мы простояли полтора часа чтобы попасть в кабинет!",0
312,"Я хотела ""поблагодарить"" за качество сухариков с изюмом ""ЗЕРНИЦА""...Сухарики оказались с песочком... замечательно хрустит на зубах... куплены в вашей"" Пятёрочке"" в г Нововоронеж, Воронежской области",1
313,"Вчера, 14 июля, звонили с ""защиты""... Цель - запугать мою маму - пенсионерку, ветерана труда. Мол, если я не уберу справедливые отзывы по их работе, то они примут меры )))      Лучше, уважаемые, исправьте свои некачественные бумажки (сейчас они даже для подтирки не годятся) и исправьте свои промахи в документации.",1
314,"Почему ярый фанат спартака комментирует матчи цска в лиге чемпионов??? Последние матчи терплю до середины а после отключаю звук так как не могу слушать какая наша команда ужасная а соперники удивительные классные команды. Супер комментатор уровень бог лучший потрясающий великий нет слов.
Генич не забывай в конце матча кричать спартак -чемпион.",1
315,"Пытался торговать в течении 3-месяцев,даже успел вывести 29 $. После этого раскатал губу,довел свой торговый счет до 600 и благодаря ""умным рекомендациям"" одного из их аналитиков вылетел в трубу...После этого мне неоднократно звонили,говорили,что разберутся,что такого у них не бывает и т.д. и т.п. НО ВОЗ И НЫНЕ ТАМ !",1
316,"Я вчера смотрел передачу « кто хочет стать миллионером» , ведущая Караулова Юлианна ну просто обхамила зал! Очень странное поведение ведущей в кадре! Это недопустимо !

Вечером смотрел «Голос»… всё та же ведущая сцепилась с Биланом.. очень не приятное впечатление всё это производит!",0
317,"Всем привет. intire.ru Сайт жуликов, после оплаты ни ответа ни привета. Хорошо, что решил проверить и оплатил два дешевых колеса, после оплаты никто не отвечает. Даже не думайте оплачивать. И распространите эту инфу среди знакомых а так же на всех форумах где зарегистрированы люди должны знать не честных продавцов, поторопился и не почитал отзывы.",0
318,"А по-моему, в этом сезоне пазл сложился! Всё одно к одному - и наставники - неумелые, и конкурсанты - посредственные, и репертуар - неинтересный, и ведущая - скучная... Вот только прекрасный Сергей Сергеич и его талантливые музыканты нарушают эту ""гармонию"". Эх!",1
319,"11 апреля в магазине Пятёрочка пос. Томилино были куплены Слойки Измайловские. При вскрытии упаковки одной из них был малость шокирован, слойка была надкусана, не погрызана грызунами , не отломана, а именно откусана человеком, при этом упаковка была не повреждена. На упаковке дата изготовления 11.04.16 ниже цифры 2-19. Я так понял 2 бригада ОАО "" Яуза-хлеб""",0
320,"В последнее время заказов просто не дождаться в Нарьян-Мар. Если у Вас проблемы, не нужно в заблуждение вводить ложными сроками. Заказы оформлял ЗАРАНЕЕ ко дню рождения, более чем за две недели. Подвели и разочаровали.
Раньше ведь все было хорошо.",0
321,"Как вы ещё не поймёте, что он противен народу! Кстати как и вы ведущие!",0
322,"""Прекрасный"" сервис! Каждый раз заказывая бутылку воды почему-то приходится её ждать 2-2,5 часа. Причём уже предоплаченную.
Я тогда вот совсем не понимаю - зачем этот ""сервис"" вообще тогда предлагается? Как особо изощрённое издевательство?",1
323,"3 недели пытаюсь получить груз. Есть жалобы, ежедневные звонки в горячую люинию по несколько раз в день, но результата ноль. Стоит дата доставки, но каждый раз ответ: ""ждите звонка"" и так 3 недели, хотя у меня там ценный груз, документы и т.д. Сегодня (О ЧУДО!!!!) сказали, что груз наконец закреплен за курьером, дали его телефон....Я обрадовался, но после позвонил курьеру и ничего! ",1
324,"С хорошего - футболка пришла и пришла быстро.
Теперь о другом. Коробки, во что упаковываются футболки ""Intimidea"" не было, товар пришёл просто в обычном прозрачном целлофановом пакетике. Регулярно приобретал в своем городе футболки данной торговой марки и то, что пришло от ""Wildberries"", откровенного говоря, отличается от моих ожиданий.
Футболка, с легким, слегка уловимым, затхлым запахом, ощущения новой вещи не было... ",0
325,"Сегодня директор магазина на Упита 5А, г. Киров выгнала меня из салона с криками: ""Пошла вон отсюда я тебе сказала"". Я являюсь клиентом МТС более 5 лет. Удивительный подход...",1
326,"Как красиво пишут, а трубку не берут, вернуть некуда, это замануха, не верьте, ни какой возможности вернуть товар, так называемые ""Оригинальные духи"" НЕТ, совершенно однозначно это вода, и еще какие то хлопья плавают. Мошенники если не сказать сильнее, на бедность команде escentric.ru. ",1
327,"Полностью подтверждаю. попал в точно такую же ситуацию в 2019 годуПричем Артем (+7 999 912 9283) действует в сговоре с ""рекламщиком"" Константином Артамоновым (+7 977 699 1597)Который (Константин) также продает пустые копии сайтов. Ссылка на его ""агенство"" https://vk.com/ak_marketing",1
328,"По телефону обещают одно, а как только подписал договор и перечислил обеспечительный платеж, заговорили совсем по другому. Все сделано так, чтобы ты отказался от их услуг и обеспечительный платеж остался у них. Так они зарабатывают свой ""нелегкий хлеб"". Ограбили меня на 66 тыс. руб.",1
329,"Сколько ещё граждане Крыма будут страдать от таких издевательств? Ничего не работает и не предоставляется. Специально брал себе тарифище в Ростове, приехав в Крым подключил домашний пакет + и не мог нарадоваться, все работает, интернет без притензий, вуаля думаю, красота. Но как-то в октябре 2020 г. Смотрю, а интернет мой не открывает ничего, не говоря уже о загрузках, ну думаю... ",0
330,вчера купила в подарок внучке книжки раскраски Очень понравилось обслуживание ( я заказывала по телефону)-вежливый внимательный оператор. А о раскрасках только восхищение-ценой и качеством товара курьер приехал вовремя.был вежлив и внимателен Всё очень понравилось в этом магазине теперь посоветую своим друзьям почаще его посещать и покупать товар для себя и в подарок Минусов не заметила,0
331,"Отправила посылку сыну который несёт срочную службу в Валуйском районе Белгородской обл. (в то время как кто-то просто перепутал адрес поставки) и что в результате, путь следования посылки:
-город отправления
-Москва
-Белгород
-А-й р-он
-В-й р-он
- и о чудо, опять БЕЛГОРОД!!!!

Вы в своем уме!!!! Срок поставки обещали 3 рабочих дня результат неделя и это ещё не окончательно!!!!
Оператор горячей линии обещала звонок от менеджера компании... ",1
332,"18 марта в 14ч.50 мин. у метро Пятницкое шоссе сел в автобус 575 номер с488рм, попросил у водителя билет, тот в издевательско-хамской манере мне ответил: ""Попросите билет у автомата для выдачи денег да поклонитесь ему, глядишь, он до вас снизойдёт. Ха-ха-ха!"" Я вышел из автобуса ровно в 15 часов у поворота на Митинское кладбище, билет мне так и не выдали.",1
333,"Полностью поддерживаю отзыв о данном экстассенсе . Довелось ""поработать "" с ней в Москве , результата нет , денег тоже , хорошо , что не воспользовался ее услугами риелтора, сберёг свою недвижимость",1
334,"Похоже Нечеухин из Центра правовой защиты перебрался под вывеску Центр правовой поддержки на пр. Суворова 10/16 - лохотрон или часть лохотрона сменила дислокацию - методы ""работы"" понятно абсолютно те же..",1
335,"ВНИМАНИЕ! Магазина top-siders.ru не существует в природе. Все заказы принимает один человек, представляется Артуром. ""Работает"" только с региональными заказчиками, просит 100% предоплату и скрывается с деньгами, меняет номера. В интернете много отзывов об этом мошеннике, ищите в google по запросу ""top-siders.ru отзывы"".",1
336,"Здравствуйте все,кто собрался купить так называемый""павлопосадск ий платок"" в интернет-магазине 100 platkov.ru.С таким обманом я столкнулась впервые! Прислали такие тряпки, что смотреть страшно, не то что надеть!Попыталась с ними связаться,но они не отвечают.А зачем? Деньги-то уже свои получили!!!",1
337,"Утром опаздывая на поезд я набрала первый попавшийся мне под руку номер такси - им оказалось такси ""Эталон"". Оператор пообещал прибытие машины в течении 10 минут к моему подъезду о чем я попросила так как у меня был с собой багаж! Дождавшись машину через 20 минут я вышла на улицу и попросила таксиста помочь мне загрузить мой багаж - на что он мне ответил что он не грузчик, мне конечно пришлось все делать самой и в испорченом настроение что перевелись мужики у нас мы тронулись. Я немного опаздывала и моя просьба прибавить газу была проигнорирована - хотя по городу можно было ехать не 50-60 км-час, а хотя бы 80 - не знаю чем было вызвано такое отношение - но я чуть не опоздала на поезд из - за такого обслуживание клиентов в такси ""Эталон"". По прибытию на вокзал я так же сама выгрузила вещи, расплатилась с таксистом у которого не оказалось сдачи и мне пришлось еще сбегать в ближайшему ларьку и решила что больше не воспользуюсь этим такси.",0
338,"Так здорово придумано! Подключают вам платную услугу без вашего ведома.узнаёте вы об этом только в момент платежа.Начинаете звонить,разбираться оказывается что вы сами ее подключили. Даёте заявку на отключение с первого числа.в следующий месяц опять получаете завышенный платеж опять звоните ,опять разбираетесь они вам объясняют что услуга отключила но спервого числа а за прошлый месяц придется заплатить. Вот вы уже на... ",1
339,"Недавно Шейнину плюнули в лицо, пусть это был Украинский десантник, все равно ,всем им надо плевать в их наглые рожи. Как они надоели! Только в студии они смелые, а на деле обычные трепачи.",0
340,"Покупал в офис, так как на работе были проблемы с отоплением. В итоге понял, что греет только себя, при попытке потрогать и проверить греет ли, еще и током шибануло. Сдам пусть сами пользуются своим ""хорошим"" обогревателем.",1
341,"Комментировать хоккей должны профессионалы!!! То что мы все сегодня слушали,наслаждаясь хоккеем,полный кошмар!!!!два не профессионала,два делитанта,читающих шпаргалку...Дайте Божко NHL,он хотя бы поиграл,и против Овечкина все детство играл, обыгрывая Динамо!Крайне не приятно смотреть такой хоккей в сопровождении двух нудных,противных комментаторов!",0
342,"То что упаковали каждый продукт в отдельный пакет, привезли в обозначенный интервал, вежливо передали заказ, - всё это мне понравилось. Но не могу поставить больше 1 звезды за то, что я выбирала, покупала и ожидала доставку свежих продуктов, а привезли замороженные (руккола, салат айсберг, сельдерей, яблоки - особенно жалко). Покупала практически на последние деньги, оставила... ",0
343,"У меня наконец то закончилось ""сотрудничество"" с данной компанией. Ни кому и ни когда не порекомендую Ростелеком. Подключилась так сказать по не знанию, горько о том пожалев. Для расторжения договора пришлось подключить ведомства, которые обязаны заниматься данным вопросом, а это Роскомнадзор, Роспотребнадзор, а также не постеснялась написать на сайт президента РФ что бы конкретно работало. Результат есть, не скромничайте люди,... ",1
344,"Для Клиентов: обслуживаясь на данном ""сервисе"", вы получаете китайские запчасти SAT по цене если не оригинала то уж точно очень не плохого дубля, могут поставить контрактную запчасть, а сказать что установили новую. И не дай бог если придется писать притензию на выполненые работы или еще что нибудь, то ее просто некому писать, тк ""директор"", с его же слов , сам официально не трудоустроен на данном сервисе. При собеседовании озвучивается зп от 35тр, на самом деле там и 30 тр то очень сложно заработать, при получении зп, надо перепроверять и пересчитывать, так как ""директор"" то и дело ""случайно ошибается"" и далеко не в вашу сторону.",1
345,"Одни обманы и надувательства и неуважение. И компания ни разу не вышла на связь чтобы помочь и решить проблемы. Ни разу!!!! Только смс шлют что с вами свяжутся и все.....
Позор мтс!!!!!! Всегда игнор и удаление отзыва, хорошая работа)))",1
346,"Делаю покупки в Плеер. ру с 2011 года. Все устраивает, сервис хороший. Надеюсь и дальше пользоваться услугами магазина",0
347,"01.04.2016г.-заказал в ТТС антимаскитную чудо-занавеску.Заодно оператор предложил ненавязчиво преобрести серебрянную карту клиента-990р.,получив добро оформил заказик исказал""ожидайте доставку"".05.04.2016г.получил уведомление с почты,пришёл,оплатил,получил.Дома вскрыл посылку посмотрел опись,но карты клиента увы неоказалось.Звоню в службу клиентского сервиса 8-800-500-10-99 и объясняю оператору свою проблему в ответ вопрос-где вскрывали посылку?Отвечаю-дома,а оператор в ответ-надо было на почте,мыже вас предупреждали!У меня немой вопрос-когда и кто предупреждал?Оператор доводит до меня свой вердикт-товар мы не досылаем и денежку не возвращаем,сами виноваты!И только теперь понял-1 апреля никому неверю,заказал-заплотил-н о не получил(русский лохотрон).Просто обидно,вроде салидная компания а всёравно.....!",0
348,"Заказал автопланшет фуджитехникс по акции с оплатой в 4440 руб. в итоге пришел регистратор безо всяких функций который стоит от 1500 до 1800 руб. адрес отправителя ООО ""Пост Сервис""(для ООО ""Солекс"") а/я 174 140961 ОПС Московский АСЦ",0
349,"Полностью поддерживаю автора - магазин воровской, занимается сбором денег за не существующие товары. Люди оплачивают им с карт деньги, а потом остаются ""с носом"", не получая ни товара ни денег назад. Основная замануха для клиентов заключается в том, что они оплачивая по карте, получают 5% скидки дополнительно. Будьте осторожны при выборе интернет-магазина, не попадайтесь на их развод, старайтесь заранее изучать отзывы, перед заказом и лучше оплачивайте за покупки по факту получения, так риск будет сведён к нулю.",0
350,"Едва попадая в ноты победить всех???? Ребята, да у вас коррупция процветает, ещё хлеще чем обычно! Как-то надо находить баланс между деньгами и талантами! Даже Нагиева коробило!",0
351,"Он конечно же и там наобещал нам целую гору всяких вариантов ""как он нас может облапошить"" ну слава богу наша доблестная милиция выявила факт потделки документов которые он нам предоставил к стати (рисует во всяких программах он очень быстро но не качественно)мы в этом убедились.  И что самое главное Носов Д.А., по сей день обещает нам возвратить деньги но у него никак это не получается, то банк у него не работает то бухгалтер ошибки допускает. В общем не в коем случае не имейте дело с этим гражданином из ООО ""ФлешЛинк""!!!",1
352,"Ужасный магазин! Также пытались требовать предоплату и видимо все закончилось бы тем, что остался я без своих денег и заказа. Хорошо, что почитал отзывы и узнал правду о магазине pitersport24 - теперь буду аккуратнее.",0
353,"Подготовка Пинтуро, превратилась во внутренний концлагерь. Это просто чудо какое то. До каких пор мы будем слушать эту чушь.",1
354,"Ребята, я как раз случайно наткнулся на этот магазин в интернете, там цены низкие, что обрадовало и насторожило одновременно. Общался с ними только по переписке, на горячей линии стандартный ответ робота: ""все менеджеры заняты"". Отзывов в интернете почти нету, вот первый этого парня увидел и не удивился. Нужно заявить куда следует на этот магазин.",0
355,"Мошенники!!! Осторожно обманывают людей! Продают не качественную арматуру!Одна и та же компания имеет много сайтов. Читал их отзывы и повелся на аргумент - ""это же ""происки"" конкурентов, они просто завидуют нашим ценам"", кинули меня на деньги!БУДЬТЕ ОСТОРОЖНЕЙ!!!",1
356,"Пользуемся им год, терпение уже просто вышло. Каждый божий день пропадает интернет и не работает. Что только операторы не говорили: видимо у вас что то с телевизором и т д (ага, со всеми тремя телевизорами, двумя ноутами и телефонами). Работаю удаленно, раздаю интернет с телефона переодически. А ну и готовьтесь, что без приставок, телевизор таинственным образом не будет работать если... ",1
357,"chargeback и назиля и нэс они же анти-брокер.рф посмотрите что творятможете сами все проверить чтобы потом не писали что наговариваем на ""святую и замечательную женщину назилю"" вы понимаете о чем яполучается что все шарамыжники с нэс и юникон они же анти брокер и другие она распустила щюпалцы по всему интернету и создала много разных сайтов а номер у этих сайтов везде одинс каждой неделей она пишет о себе хорошие отзывы это показано в видео которое предоставил соискатель как они разоблачили назилю которая так искустно старается показать что она самая честная а на самом деле уже многие знают что она просто обманывает людей",1
358,"Седьмой месяц беременности, подскользнулась, упала - гипс )) Шучу, просто растяжение связок))Почему врач-травматолог такое г...? Почему пациенты должны слушать, что его все достали, что ему всё надоело, что люди всё приходят к нему и приходят, а зарплата маленькая, а работы много, ах как он устал, кругом одни сволочи... Я говорю про врача, чьё имя Лолаев Батрадз Георгиевич. 	А я, такая нехорошая девочка, пришла к нему, видители, с ""травмой"". Да это ""и не травма вовсе"", я притворяюсь, у меня ничего не болит, оказывается, а я лишь пришла потратить его время :)))) О да, я вам ответила, послала вас куда подальше, мистер Лолаев, что вы аж посинели - обо нефиг позорить профессию врача :))) И желаю вам побольше таких пациентов - которые могут дать отпор, люди, ау, не молчите, затыкайте подобных хамло за пояс )))",1
359,"ну это если вы не попадете сразу на пересменку(в противном случае будете ждать около часа)) . если попадете к заведующему, помощи не ждите,даже обезболивающего не получите.на счет ""накормят"", за все время пребывания в роддоме ни единого раза не предложили еду!",1
360,"Нашла объявление на сайте ""из рук в руки"" связалась со мной некая Виктория, дала мне нерабочий логин и пароль от сайта poisk-kv.ru, скинула контакт хозяйки квартиры, та сначала кормила завтраками, в итоге вообще телефон отключила, Виктория тоже перестала брать трубки. Уплаченные 5000  тысяч ушли в пустую",0
361,"Нет слов, одни эмоции. Ноль звезд. Худший оператор в Крыму. Ворует деньги со счета, дозвониться к оператору невозможно, самый дорогой из всех, кто на рынке.",0
362,"Вполне себе пылесос. За такие деньги- отличный функционал. Отличный магазин, есть много чего. Оператор позвонил через 5 минут после вызова, можно было назначить доставку в этот же день, но перенес на следующий. Курьер позвонил за 10 минут до прибытия",0
363,"Раньше не когда не писали такое количество положительных отзывов, а после моего рассказа о Правом Деле  людей будто прорвало и они аж по 2-3 отзыва в день начали оставлять.)))  Какие молодцы в правом деле придерживается плану по написанию отзывов. ))) Их план можете почитать в скриншоте.",1
364,Пользуемся один месяц. За месяц несколько раз пропадает и интернет и телевидение.Посемуто телевидение работает если есть интернет.Без него не работает!!!Первый раз с таким сталкиваюсь.Вынужденое подключение.сечас опять отключили все и сказали на сутки.типо ремонт!!!!Он по 3-4 раза в месяц.,1
365,"Пользуюсь одним и тем же номером Мегафона более 15 лет. Когда-то это был корпоративный номер, потом, когда их отменили, компания переоформила его на некого своего сотрудника, которого я даже не знаю. Все эти годы я добросовестно платил за номер исключительно со своих карт (что легко проверить), никогда не уходя в минус. Теперь Мегафон, прикрываясь новым законом о связи, пытается осложнить... ",0
366,"Сайт Tilbes.ru  postered.ru, pinellis.ru, popped.ru, soloing.ru, southed.ru и  это ещё не все реквизиты для перечесленияПолучатель платежа: ""КИВИ Банк"" (ЗАО)ИНН: 3123011520КПП: 775001001Расчетный счет: 47416810600000000004Наименование банка: ""КИВИ Банк"" (ЗАО)Корр. счет: 30101810200000000416 в Отделении 2 МГТУ Банка РоссииБИК: 044585416",0
367,"Положили деньги на Авито кошелек, хотели приобрести товар, но деньги оказались на кошельке услуг. Третью неделю пишу им заявление о возврате денежных средств, но мне постоянно пишут неправильно заполнили заявление. А заявление постоянно исправляю так как просят они и все равно оказывается неправильным. Даже заполняли заявление с их образца и все равно не правильно. Отлично устроились за свои услуги деньги... ",1
368,"Никто ничего не знает,когда карточка будет.Перезвоните завтра.Вот это исправление своих же ошибок!?А откуда тогда вы возьмёте клиентов при таком ""профессионализме""?",1
369,"Веселая и продуктивная атмосфера, с музыкой и кофе. Дружный коллектив.
Из минусов затруднен карьерный рост, как мне кажется",0
370,"Заказывала тут шахматы в разделе ""Детские игрушки"", и доставлены они были мне без 2 фигур (обоих королей!!!!!!!!!!!) и с дефектом еще одной фигуры.Мало того, чтоб вернуть товар или заменить его, я должна заплатить 500р(это больше чем собственно мой заказ!!!) за выезд курьера или тратить свои собственные силы и время для того чтоб ехать к ним на склад самой. Я считаю это ненормально и недопустимо. Им должно быть стыдно.",0
371,"Дело проиграли на всех этапах, ну это еще допустим не повезло. Но главный минус постоянно пропадал менеджер то на недели то на месяцы, т. е. не отвечал на письма и звонки, хотя мы и так общались крайне редко. Руководитель по качеству ""негодовал"" и обещал решить этот вопрос, но сам тоже пропал. ",1
372,"Дозвониться нереально до отдела по работе с клиентами ( с 5-6 раза, они типа работают по какому=то интересному времени), кормят завтраками, а потом говорят: ""по Закону возврат парфюмерии невозможен."""" Работники"" сайта escentric - а вас не смущает, что вы ТОЛЬКО парфюмерией и духами торгуете? что у вас в разделе ""возврат"" очень красиво описаны варианты возврата ? Что на это скажите ?  НЕ РЕКОМЕНДУЮ  настоятельно данный сайт, сплошной обман",1
373,"""Наслаждаюсь"" поездкой в данном поезде ! Я конечно всё понимаю , но видимо РЖД оставил внедрение технологий где-то в не далеком будущем для себя , просто ужас . Вагон который якобы прошел модернизацию , то есть старый советский вагон якобы был переделан под последние запросы пассажиров и что же получили мы на выходе за 11 тысяч рублей ??",1
374,"Заказ из Москвы в Москвы неделю едет, при звонке, сотрудники не могут сказать точную дату доставки и где заказ. •Супер• контора просто. Никто не за что не отвечает, никто ничего не знает. На просьбу выяснить где заказ и когда будет доставлен, один ответ, это невозможно.",1
375,"Отправила посылку 1326403263 в Киргизию из Тюмени 31 марта 2022 , сроки доставки заявленные 4-11 дней. Отправление должно было ехать землей в Екатеринбург, от туда уже в Петропавловск и через Казахстан в Киргизию. 4 числа оно действительно приехало в Петропавловск (Казахстан), а дольше- о чудо, оно поехало в Пермь??? Там посылка пролежала без движения 7 дней (хотя я оборвала тел.... ",1
376,"Я устаю работать к пятнице)))ну тут и нагрузка в течение недели большая и уже как-то мысленно готовлюсь к выходным и уже охота просто побыстрее. Пару лет, как устроилась, незначительные минусы имеются, но в целом если подумать, то все же неплохо. В офисе норм, комфортно, не сидим другу у друга на голове, не шумно, можно сосредоточиться на своих процессах, хотя есть... ",0
377,"Самый отвратительный сервис, отношение к клиентам оставляет желать лучшего, доставка курьером согласована была на определенное время, товар доставлен не был, Даже не было звонка с предупреждением о задержке, когда сама позвонила курьер хамовато отправил на горячую линию, там сказали, что помочь не могут, потому что не могут дозвониться до курьера. Отличная клиентоориентированность.",1
378,"Неоднократно покупала технику сама и своей семье, довольна скоростью обслуживания и общением. Никакого хамства, увиливаний и давления со стороны менеджеров. Всегда приятный диалог, в котором находится золотая середина. Прислушиваюсь к советам и мнениям консультантов, выражаю свои идеи и еще ни раз не ушла с покупкой, которая себя не оправдывает. Подбираю именно то, что нужно, а что нужно женщине она и... ",0
379,"Если вы счастливчик и вам ОООчень сильно повезло в том, что приобретенная в этом ""магазине"" вещь работает. Начинайте играть в лотерею по крупному - Вам повезет! Если же вы не являетесь мазохистом, Бог знает каким извращенцем, доктором психотерапевтом, которому нужен материал для научного труда, тогда вам следует валить отсюда.",1
380,"Развод на деньги. Пробовал оформить карту у этих ""товарищей""... забрали деньги и пропали... на телефонные звонки и письма не отвечают.Подумайте, прежде, чем обращаться к ним!",1
381,Давно не смотрела передачу голос-не было возможности..Но!!сегодня обалдела!!дети без голоса поют и представляют Караулову Юлиану-столько в России талантов..но у нее все как на подбор без голоса!!!!!вывод-за деньги!!!смотреть дальше не охото..,0
382,"Почему никто не несёт ответственность за пошлость на первом канале России. Передача для детей и с участием детей и кто сидит в жюри две татуированные особы и дама с откровенным декольте. (Я уже не говорю о поведении данных персон) Репертуар , предложенный кураторами для детей, не выдерживает никакой критики! Ну как же не стыдно устроителям этого шоу?! Две ,наверно хорошие... ",0
383,"приходит на почту такое вот сообщение от Е раскрутка:""Добрый день, мы заметили что вы часто покупаете ссылки на наших ресурсах, возможно вы покупаете их через биржи, которые берут большую комиссию. Мы предлагаем вам работать на прямую, что выгоднее для вас. .""Ну начнем с того что наша фирма сотрудничает напрямую с вебмастерами, хотим сообщить всем о том чтобы люди понимали какими методами пользуется данная ""конторка"", так же хотим заметить что у данной ""фирмы"" есть несколько названий.",1
384,"Всё в том же духе протекает рабочий процесс исполнителей, оценок судей и их нескромное поведение,подыгрывание друг другу и постоянные взоры на Гагарину, что она скажет. Словарный запас звёзд в креслах расширился в последнем выпуске, "" медок, кайфово прибавились к супер, круто и вкусно""! Хвалебные речи Зиверт от коллег, ""украсившей этот проект"", не уместны, если только эту хвалу и поддержку защитать... ",1
385,"Ну что сказать, комментировать такое чудо компанию не хватает слов,несостоятельная как личность госпожа Коробейникова Татьяна, мягко скажем, не понимает, чем она вообще занимается. При обращении в компанию Бизкон, она же ИП Коробейникова Татьяна, возомнили себя гуру управленцами и профессионалом, способным ""помочь"" бизнесу, я бы назвал это ""утопить"" Ваш бизнес, более подходит под реальность. Потратил на них кучу времени и нервов, в итоге ни отдела продаж,ни результатов, ни выстроенных обещанных бизнес процессов. Зато обещания сказочные. ",1
386,"ГОСПОДА, не ВКЛАДЫВАЙТЕ туда ваши средства. Сначало делают первую выплату дабы заманить, потом просто банят, после того как залил крупную сумму. Если стали их жертвой, советую обратиться в отдел ""К"" МВД или оставить заявление на сайте МВД с указанием кошельков и разъяснением обстоятельств! Надеюсь смог вам помочь если что...",0
387,"Плёнка на коробке была надорвана. В остальном без нареканий, все хорошо. Товар в рабочем состоянии. Все четко.",0
388,"По факту прикупили 10-рублевую программку и торгуют тендерами, которые на ... не нужны ни одному нормальному подрядчику и которые они совместно с другими ""услугами"" впаривают юридически/финансово безграмотным лохам. Не ведитесь на их сайт с положительными под копирку отзывами - это всё мишура, один из способов заставить человека расстаться с деньгами.",1
389,"Добрый день!Хотелось бы поделиться своим негативным опытом общения с этим агентством недвижимости.Вежливый менеджер Михаил, объяснил, что без оплаты их услуг, со мной работать не будут!Я конечно же оплатила! Мне сказали, что есть несколько подходящих для меня вариантов.Сегодня мне перезвонили и объяснили, что уже ничего меня заинтересующего нет.Нужно ждать, естественно неизвестно сколько!!!Мне предложили составить претензию на возврат стоимости услуг агентства- но я так понимаю, для ""галочки"".Пожалуйста, не ведитесь, на развод этих людей.",0
390,"22 ноября 2024 года в доме пропал интернет и интерактивное телевидение от Ростелекома. Сегодня 29 декабря 2024 года скоро Новый год, но услуги по предоставлению интернета и интерактивного телевидения так и не предоставляют, больше месяца ссылаются на устранение аварийной ситуации и кормят завтраками. Вот так Ростелеком поздравляет своих клиентов с Новым годом! Наверно придется искать другого провайдера.",1
391,"Диана и Сергей мы хотим поблагодарить и сказать всем кто еще одинок идите за личным счастьем в тайм ту лав наш лбимый клуб огромное вам спасибо! МЫ ПОЗНАКОМИЛИСЬ У ВАС ЧЕТЫРЕ ГОДА КАК... Всем кто создал этот проэкт низкий поклон ❤ Вчера встречалась с подругой, которая ходит сейчас к вам на тренинги!",0
392,"Экспресс доставка 2 рабочих дня растянулась на 5 рабочих дней.
вы считаете что чудес не бывает, а я вот теперь верю после очередной доставки СДЭком
И ведь я же сама заплатила за эти ""два рабочих дня"".
а особенно мне понравилось общение с оператором
Вы если не можете выполнить свои обязательства, тогда не обнадеживайте клиента. Мы обратимся в другую Курьерскую службу, Вы не единственная компания... ",1
393,"Меньше чем через месяц после ремонта в одной из комнат обвалился потолок. Точнее, штукатурка с него - площадью где-то 3-4 квадратных метра. Хорошо, никого из нас в тот момент в квартире не было - такие куски очень даже могли навредить. А касательно ""гарантий"" - пишу это спустя месяц после собственно аварии. Разумеется, фото с описанием ситуации в целом ушло им сразу же, однако каких-либо действий по исправлению ситуации ими предпринято не было.",1
394,"Был БЫ достаточно интересный сайт, если бы не абсолютно ХАМСКОЕ отношение администрации к посетителям! Просто гестаповская модерация, которая не поддается никакому логическому объяснению и, главное, АБСОЛЮТНО НИКАК не соответствует их же правилам! Модер умудрился удалить мой пост с поздравлениями актрисе в ДР!? Любая критика или просто замечания - сразу дают бан по принципу: ""я тут - БОГ, а ты - НИКТО"". Ставлю жирный крест - в мусор!",0
395,"Третий месяц, как сборщиком здесь работаю. Ну скажу так, что оплате точно так, как и говорили на собеседовании, то есть не обманули. Список обязанностей не слишком большой, но нужно быть внимательным, аккуратным и не пререкаться с начальством. На данный момент пока что все хорошо, буду работать дальне, я студентка и такой заработок меня устраивает.",0
396,"Сегодня Мегафон меня ""отблагодарил"" за долгое сотрудничество. Предложили подключить новый тариф по льготной цене, рассказали только о преимуществах, конечно. Когда я попросила время, чтобы хорошо ознакомиться с условиями тарифа и позже принять решение о переходе на него, девушка сказала, что тогда льготная цена не будет действовать, что если я перейду сейчас, то в первый месяц для моего удобства (я, наивная,... ",1
397,"Инстагадость. Больше сказать нечего. Откуда это чудовище? Голоса нет, что происходит? Хотелось бы надеяться, что это не удачная шутка.",0
398,"когда я набрала оператору и сказала,что не положили 3 бул.пива,она ""искренне"" удивлялась что такого быть не может и что, чем я могу помочь,это что такая работа у них?почему не связалась с курьером.почему не дала сдачу.что за отношение к клиентам,я заказываю на дом еду постоянно,но с таким отношением к людям столкнулась первый раз,хочу вам пожелать чтоб вы быстрей закрылись!!!!ТАК РАБОТАТЬ НЕЛЬЗЯ!!!!",1
399,"Зделал заказ на их сайте,через 6 часов перезвонили,сказали что резины в наличие нет,но скоро появится по цене ""чуть"" выше чем была.Вывод: Не ведитесь на хорошие ценники,это всё обман",1
400,"Совершала поездку по личным делам от 16.12.23 поезд «Ласточка», номер поезда 725, «Санкт-Петербург- Москва». Вагон (номер 5) чистый, температура оптимальная, предлагают в продаже напитки: чай, кофе, закуски и тд. Вагон оборудован туалетом, кулером с водой, мусоркой, что очень радует. Единственный момент, наличие розеток, а точнее их отсутствие. У туалета толпа, все стараются занять заветное место рядом с розеткой хоть на... ",0
401,"Матч ТВ это просто отстой. Вот и сейчас,по программе чм по лыжам, а показывают какую- то программу американскую про мордобой. Смотреть матч ТВ становится все более противно, особенно Губерниева. «Нарцисс» натуральный.",0
402,"Занимаемся возвратом средств с брокерских организаций. На GeoInvest Group поступает много обращений в связи с:- ""слитием"" счетов- блокировкой счетов- отклонением заявок на вывод и т. д.Если были эти, либо же ещё какие проблемы с организацией, обращайтесь perunov.fx92 @ gmail .comКонсультации абсолютно бесплатно.",0
403,"Заказала ребенку-инвалиду коробочку для рисования песком с подсветкой за 3880. Прислали грунт для посадки клубники. Как вам не стыдно. Пусть ваше ""добро"" вернется вам сторицей.",1
404,"Считаю, что спортивным телеканалом может руководить Иоланда Чен. Она прекрасно разбирается в спорте, умная, харизматичная и будет на своем месте. Включаешь канал, а там вместо спорта показывают зачем то художественные фильмы или гламурных кривляк говорунов, не имеющих отношение к спорту. Канделаки должна уйти !",0
405,"ЭТО мошенники НЕТ ни ДЕНЕГ ни ТОВАРА, после отправки денег, начинаются отписки, а потом связь с ""менеджером"" и ""оператором"" прерывается, все переадресуется на какую то транспортную компанию, (несуществующую)Господа это МОШЕННИКИ ",1
406,Очень рад что выбрал этот магазин. Покупали телевизор. Очень быстро перезвонил оператор и помог определиться с моделью. Доставили на следующий день. Спасибо большое!,0
407,"Неоднократно приходилось пользоваться услугами этого такси и вот что от себя хочу сказать: к водителям у меня нет претензий (или мне везёт на людей!?)) - всех, кто был за рулём могу только поблагодарить!
Но вот операторы данного сервиса - это что то с чем то... Несколько раз перевирали названный адрес!
Почему нельзя оставить жалобу на оператора? Почему нельзя нанять местного... ",0
408,"Почти месяц назад закала в данном интернет магазине товар, оплатила его, отписались мне по эл. почте - ""спасибо за заказ, ваша оплата прошла"" и всё тишина. Никому не советую связываться с этим магазином",0
409,"Уважаемое руководство компании Мегафон, настоятельно рекомендую пересмотреть свой подход к сервису обслуживания действующих клиентов. Тратить огромные средства на рекламу с участием звезд для привлечение новых клиентов и так неуважительно относится к существующим, на мой взгляд нерационально.
Я очень редко пишу негативные отзывы, но тут, как говорится, переполнило!
Ситуация следующая: я давно отказалась от услуг Мегафон, но моя мама пользуется оператором... ",0
410,"Крайне не доволен работой ""мастеров"" фирмы. Во-первых, само отношение к клеинту какое-то хамское. Сроки сорвали, к смете плюс сто тысяч в итоге прибавили. Что-то я вообще не доволен таким ремонтом!",1
411,"Интернет не работает связь дерьмо. Мегафон, спасибо за испорченное время, за четыре месяца. Пошол пятый месяц терпения. Но я больше не хочу иметь дело с таким беспределом и не уважением к своим клиентам.",1
412,"От хорошей жизни народ не выйдет никогда! Давай достойные зарплаты, достойные пенсии, хватит петь свои песни! А то и наш народ долго терпит, но больно бьёт! Думайте головой, когда очередной кусок в карман себе кладете! Народ достоин лучшей жизни!",0
413,"Никогда не попадайтесь на удочку этого магазина!!!Обслуживание отвратительное и создается впечатление,что там работают одни мошенники!!!Уже два месяца не могу получить свои деньги обратно за возвращённый товар.Причём вы расплачиваетесь наличкой,а вот получить свои деньги даже по безналу проблема!!!Так работает этот якобы ""отличный"" магазин!До начальства вы никогда не достучитесь,информацию вам такую просто не предоставят и будут постоянно откладывать возврат на неделю.УЖАСНЫЙ МАГАЗИН!!!",1
414,"ЗАКАЗАЛ У ЭТОГО МАГАЗИНА ТЕЛЕФОН Xiaomi Redmi 5 2/16gb Black ЗА 9880 Р НАЛОЖЕННЫМ ПЛАТЕЖОМ,СЕГОДНЯ ЗАБРАЛ ИЗ ПОЧТЫ ПОСЫЛКУ,ПРИШЕЛ ДОМОЙ ОТКРЫЛ ПОСЫЛКУ А ТАМ ПОРВАННАЯ КОРОБКА И ЛЕЖИТ ВСЕМИ ЛЮБИМЫЙ И РОДНОЙ NOKIA 8800 КОТОРЫЙ ДАЖЕ НЕ ВКЛЮЧАЕТСЯ!! ЛЮДИ НЕ ПОКУПАЙТЕ У НИХ НИЧЕГО ,ЕСЛИ У КОГО ЕСТЬ ХОТЬ КАКАЯ-НИБУДЬ ИНФОРМАЦИЯ ПРО ЭТИХ ""КОММЕРСАНТОВ"" ,НАПИШИТЕ МНЕ СЮДА  Mail.ru tolichzhan@mail.ru",1
415,"провели за 3 недели в квартиру интернет по ADSL)))))
ЗА 800!!!!
ЗА 800!РУБЛЕЙ
скорость шик, 1мбит.
когда расторгал договор трижды собачился со всеми операторами по телефону.",1
416,"Всем Привет.Еще совсем недавно я работал в компании ""Петро-Строй"".Ушел потому что устал от всего того негатива что там происходит как внутри так и внешне с клиентами.Вместо того чтобы расти и развиваться идет тенденция в обратную сторону.Квалификация некоторых сотрудников напоминает делитанство. Основная задача руководства это максимально в краткие сроки вытянуть бабки у клиентов-поэтому малярка их не интересует хотя маляры есть в наличии...Материалы действительно лучшие в городе но клиенты за их установку платят в три дорого..Не призываю не обращатся в данную фирму а предостерегаю быть повнимательней при сотрудничестве с данной компанией!!!",0
417,"Заказывала ремонт 1 комнаты.Мне НЕ понравилось ВСЁ:- сумма по смете сильно отличается от итоговой при том же объеме работ (объясняется это тем, что ""сметчик перепутал и не учел"", сам сметчик Станислав потом на звонки не отвечает),- - по времени ремонт занял не ""5 дней, от силы неделю"", как обещалось в начале, а две с половиной недели. Эти ""мастера"" умудрились испортить даже то, чего ремонт не коснулся.После этой ""фирмы"" мне по ходу нужен второй ремонт!!!",1
418,"Поттерял телефон и сим карту соответственно в Хабаровском крае,симка зарегистрированна в Московской области ,в регионах чтобы восстановить симку ,надо по почте ее ждать ,а тут новогодние приздники и все к одному ,теперь пока жду почтовой посылки тот кто украл мой телефон ,сможет пользоваться сервисами привязанными к данной симке ,watsapp, telegram ,очень удобно сделали для мошенников ! Молодцы",1
419,"Эта организация не платит рабочим зарплату, обманывает, на собеседывании кадровик заманивает лучшими условиями, что на самом деле не является действительностью. Типичная семейная конторка, где за свои ""косяки"" отвечают деньгами работники. Не связывайтесь.",0
420,"Отвратительная контора низших слоёв, зачем они вообще берутся за работу о которой даже представления не имеют как ее выполнять, специалисты у них меняются через день ""профессионалы"". Вообщем ребята чтобы сохранить свои нервы и ДЕНЬГИ и самое главное время, облетайте самолетом эту контору бездарей!",1
421,"Да, все верно. Это просто сбор денег с лохов. Не ведитесь на такие обманы. Большое желание постоять у них по дверью, потратить свое драгоценное время еще, которое я и так потратила на этих сволочей и рассказывать всем, кто придет, что это за ШАРАГА!!!!",0
422,"Также как эта престарелая кидает работников, партнеров и даже арендодателей, то будьте уверены, что она кинет и вас.ИП Кочеткову Ольгу Евгеньевну в г. Коломна, якобы дилера фабрики брака Требити, она подставила более чем на 150 000 рублей и под статью. Это все и есть Требити со своими вонючими фартуками, кривыми обоями от которых отваливается пленка и перекупленным китайским ""типа"" скинали на куске от теплицы.Если хотите проверить - найдите на этих сайтах хоть одни реквизиты продавца и адрес офиса юридический и фактический или адрес ""якобы"" производства, которого просто нет.Это мошенники чистой воды!",1
423,"Еще недавно это был мой оператор, и он мне не нравился совсем. Сравнивая с другими, понимала, что денег они дерут немерено , а отношение к клиентам - хуже некуда. Рада, что теперь пользуюсь совсем другой связью и за ""Старом"" совершенно не скучаю.",0
424,"с вечера 21.03.2022 по утро 22.03.2022 МТС списал аж 31 раз по 341,8 мб, т.е более 10,5 Гб с мобильного устройства (как роутер телефон не подключен, автоматического обновления программ нет, входа в интерент с устройства с вечера 21.03.22 по утро 22.03.2022 не было). телефон с неполной зарядкой даже не разрядился, чудеса! С текущего тарифа списано более 4,5 Гб и платно... ",1
425,"Пятого февраля пришло смс, что пора внести платеж, обычно указывали остаток и сумму, необходимую для внесения! И только поэтому вошла в приложение! Дальше как и у всех! День сурка!
Собираемся группой писать обращение в ФАС",0
426,"Поздравляю с последним ""репортажем"" Губерниева на Олимпийских играх! Желаю, чтобы для него это было вообще последнее появление на ТВ. Хорошо бы ты навсегда исчез с экранов наших телевизоров, а твой мерзкий голос - из динамиков, уважаемый друг.",1
427,"Не отправляйте туда свои деньги, обратно уже не получите никогда! Всем отзывам об этом замечательном обменнике, работающем много лет, не более 3 дней. Созданный на коленке сайт, номер телефона, по которому вы ни до кого никогда не дозвонитесь, и несуществующий ""реальный адрес точки"". Забрали все мои деньги и ни копейки я обратно не увидел... Остерегайтесь этих мошенников",1
428,"Доброе время суток, хотела поделиться своими впечатлениями о поездке 2 сентября номер поеда 274 вагон 7 место 32. Ехала с мужем до станции Шумерля в Сергаче решила выйти подышать свежим воздухом даже не смотря на то что стоянка длилась 2 мин, а меня не пустили сказали просто нет и всё не чем не объясняя. Нарушали мои прова. И у меня... ",0
429,"Смотрю футбол с выключенным звуком.Ни одного нормального комментатора.Особенно ""хороша"" сладкая парочка Черданцев-Арустомян. Передачу ""после футбола"" нужно переименовать в ""без футбола"" или ""около футбола"", т.к. один треп Черданцева (болтлив как баба) с приглашенными гостями.И это вместо обзора матчей , как было у Стогниенко на России-2. ""Лучший"" комментатор биатлона Губерниев лезет в футбол (ЧЕ), а теперь и в хоккей.
Его наглая и агрессивная... ",1
430,"Негативное отношение к компании.Постоянные обрывы пинга! Проводили интернет почти неделю!Оплата за такой интернет 800р!!!
Это безумно много за такой интернет!!!",0
431,"Являюсь абонентом Мегафона более 20 лет, но последнее время только отрицательное мнение о нём. У меня архивный тариф с безлимитным интернетом. Последние пару лет мне периодически предлагают перейти на более» выгодный» тариф с большим количеством минут, естественно дороже. Я отказываюсь, говорю , что уйду к другому оператору, мне делают скидки. Но вот уже более полугода тишина, и вот, сюрприз: приходит... ",1
432,Нужно было эти выборы байкотировать. И всем не ходить. Самое умное решение.,0
433,"Конфеты Лорентини ""Вишня в шоколаде"" Саратовской фабрики (ул.Техническая, 16) в коробке количеством 10 штук имеют химический запах, а также привкус. После того, как съели по одной конфете, все почувствовали недомогание и расстройство пищеварения. пришлось применять лекарство. Такие продукты не должны попадать на прилавки.",0
434,"Ни в коем случае ничего не заказывайте у этого ""продавца"" разводит на деньги только так! потерял из-за него 25000рублей. хочу вас все предостеречь от него!",1
435,"Я - курьер и мне нравится пока все: от размера зп до отношения со стороны руководства. Все честно, оплата вовремя, в полном размере.",0
436,"Не ведитесь, шаражкина контора. Просят документы, ничего не рассказывают сначала, тянут время, вещают про 'стажировки'. Публикуют разные вакансии, ничего из этого правдой не является. Не тратьте своё время! Обходите стороной.",1
437,"Это не сервис а компания дилетантов. Три недели нет никакой реакции на запрос что происходит с тестированием моего НТС Desire (перезагружается, при приемке аппарата на Горбушке ""специалистка"" сказала что проблема в прошивке, решаемо, и конечно же решаемо быстро), на имейлы не отвечают (когда до сдачи аппарата спросил о возможности ремонта ответили быстро, видно любят бесплатные телефоны). Также нет реакции на отзыв оставленный на их сайте (это само собой), с требованием вернуть телефон и поздравлениями с поразительным отсутствием даже намека на сервис. ",1
438,"На протяжении полугода хочется телефон кинуть об стену по причине ужасного качества мобильного интернета.
Повышая оплату за тарифы, следите за качеством предоставляемых услуг.
Пользуюсь одним номером в мтс на протяжении 17 лет. Последнее время каждый день есть желание поменять оператора.",0
439,"Двери от этой компании ждали 2 недели. А потом нам отвратительно установил их ""мастер"" Аслан. При замере не учел снятие порога, двери оказались коротки сантиметра на 3 (""вентиляция"",- оправдался ""мастер""). Гвозди торчат из дверной коробки, наличники прибил прямо на пороги, не удосужившись подрезать. При этом 3 дня кормил завтраками и сейчас едет переделывать уже неделю.",1
440,"Я столкнулся с бездействием Карнаухова А.С.Который является участковым по Булатникову.В ночь с 9 на 10 апреля был вызван наряд полиции,так как со стороны соседней доли в доме гремела музыка,дикие крики восторга и т.д.Было написано мной заявление,составлен протокол о административном правонарушении,который я подписал и наряд ,который выехал на место по адресу сами лично зафиксировали все""своими ушами"".Прошло время,связался с Карнауховыми тот обещал после праздников явиться на место и разобраться ....Но.Потом передумал и решил солгать ,что больше не является участковым по пос.Булатниково.А врать как то не очень красиво должностному лицу.Вообщем сам себе там указ .""Хочу разберусь,а хочу и передумаю"".Было написано заявление в ГУ МВД РОСИИ по московской области и конечно никто и не думает останавливаться,так как считаю позором все что произошло.Участковый знает свои обязанности и должен работать или надо уходить.",0
441,"Свадьба была 06.07.2015Александра и Всеволод.Во первых, хотелось бы отметить безумно неприятное поведение девушки Алёны. Она постоянно была чем-то недовольна и всячески это демонстрировала своим выражением лица. Один из гостей вспоминает её фразу ""А они что,тоже фотографироваться будут""?Сказано это было во время прогулки с гостями.Фотограф и оператор постоянно куда-то уходили,НАМ приходилось их догонять и звонить им,когда они уходили далеко.На сайте заявлено FULL HD качество, что на деле оказалось обычным HD.На вопрос,заданный их менеджеру,она сказала ""ну качество же хорошее"".Видео постоянно трясётся,звук ужасный,кадры часто обрываются на полу-слове,никакой покадровой обработки там и в помине нет.Фотографии не на столько плохи.их просто в 2 раза меньше,чем заявлено. А обработка заключается в фильтрах сепия,чб и размытие по краям. Часто страдает фокус.Никогда и никому не будем советовать данную шарагу.",0
442,Интернета нету пинг в играх не менее 100 000. А теперь плюсы: разраб ПопкаФона ты наверное единственный кто даёт за 700 рублей понос на блюдечке пробовать не стал хотел сфоткать камера разбилась. Всего вам хорошего в разеботке ТвояМамкаФона 😁🖕,1
443,"Доброго дня.
Стала самая отвратительная связь,интернет не работает вообще.
Года 3 назад перешёл с МТСа,работал отлично, последние года 1.5,связь отсутствует, интернет не работает, от операторов слышу лишь одни отговорки,то холмики мешают зоне покрытия,то кустики,при том что я практически всегда в городе,ау какие холмики?
Что у них хорошо работает, даже это отдел маркетинга который говорит про ооочень скоростной интернет и суперсвязь.",1
444,"Сам являлся обладателем столь ""замечательных аппаратов"", которые вернул в феврале через суд за полную стоимость. Раньше была компания ООО ""Новотач"" (продавали новые аппараты), далее в апреле создали компанию ООО ""Энтач"" (на данный момент занимаются скупкой б/у аппаратов у своих же старых клиентов и продают их под видом новых). ",1
445,"Надежное место работы с душевным коллективом. Гарантированна своевременная зарплата и карьерный рост (при условии хорошей работы и умении налаживать связи). Сразу всё не дается, но для тех, кто работает на совесть - и премии и повышения. Есть внутренняя система обучения сотрудников.",0
446,"Олег Акуратов лучше этой девочки!!!! Какая-то ошибка или что? Несправедливость чистой воды!!!! Надо пересмотреть голоса зрителей, кто и как голосовал, опять интриги или она блатная?",0
447,"Время 22.34 Шикарная песня и исполнение русской настоящей песни. Что происходит?! Так называемые ""патриоты"" нашего ТВ на Первом канале не услышали настоящий голос и песню??? Гагарина, безголосая и непонятно откуда проявившееся Зиверт, Пресняков с его никчёмными песнями, Беляев.... Вы реально не слышите русские песни с голосом. .. Бред, а не передача.",1
448,"Пользовался года полтора – за это время сервис не высылал никаких уведомлений о фиксированных взносах или перевыпуске электронной подписи а потом тычут лицом в договор и говорят что не обязаны были, что типа я сам должен был в настройках включить уведомления где-то))) ",1
449,"Хочу сказать спасибо руководству компании Сбермаркета: кто принимал решение заключить со мной договор, кто обучал и продолжает помогать и сейчас. Я рада, что попала в такую сильную команду, уверена, что услуги доставки продуктов будут с годами только развиваться.",0
450,"Мне нравится, что при использовании ""Яндекс.Такси"" можно не звонить оператору такси, не объяснять куда вызывать машинку, потом не ждать сообщений или перезвона с уточнением когда/ где/ какая машинка за тобой приедет. Это занимает лишнее время и получается эффект ""испорченного телефона"" между мной-оператором-таксистом.
Благодаря приложению все эти моменты недосказанности упрощаются - вводишь в ""Яндекс.Такси"" необходимый запрос и время заказа -... ",0
451,"В службе поддержки Мегафон оператор разговаривала передразнивая меня! Я очень удивлена, что в компании такого масштаба возможно такое неуважительное общение с клиентами! На рынке с таким не столкнёшься даже!",0
452,"ДМС включает стоматологию, а также действуют выгодные скидки у партнёров. Для сотрудников открыт доступ к обучающим материалам на портале. Работа интересная, без рутины. Но! Высокий темп работы, всегда нужно быть в курсе событий.",0
453,"В Днепропетровске я была в командировке и выбрала для себя гостиницу со скромным названием ""Надежда""  она находилась близко к центру - что было очень удобно для меня. При заселении в гостиницу меня ознакомили с ее правилами - которые оказались похожими на правила какого стандартного общежития - что я и высказала ""вахтерше"" - на что в грубой форме мне предложили подыскать что нибудь другое если не устраивают их правила поселения. Бар который работал в гостинице закрывался в 23,00 - что было очень не удобно , так как я страдаю бессонницей и при этом всем требовалось соблюдать тишину в номере - это подразумевало и выключение телевизора, курить в номере также было нельзя и каждый раз мне приходилось спускаться на улицу - что мне кажется для посетителя платящего такие деньги за проживание в отеле не приемлемо.",0
454,"Ненадежные работодатели, рассчитывают на текучку кадров. Купленные положительные отзывы о работе. В сроки не укладываются. Несколько сайтов созданных под разными названиями, вводят в заблуждение. Как клиентов так и новых сотрудников.",0
455,"С 17 года пользовался авито все было хорошо . В прошлом году по их инициативе связал профили и все , будь здоров . Блокировка , Поддержка я уже совсем молчу . Пытаюсь войти в профиль со своего же номера на меня зарегистрированного получаю код подтверждения и снова в блоке . Кажется конторка сомнительная стала и простой пользовательих уже не интересует.",0
456,"Для того чтоб отдать приставки, мне нужно ехать в другой город. А когда подключили, офис сам приезжал. Очень не доволен таким неудобством",0
457,"сейчас идет матч цска - локомотив - комментируют два фрика ,какую хрень они несут))) , впрочем как обычно, просто ржач. На матч тв одни фрики - Журавель,Черданцев - но эти двое просто убогие, интеренсно у них секс был с кем-нибудь)))пипец страшные лилипуты.Губерниев ради работы на тв со старушкой замутил,остальные не лучше . бабы вообще смешные. у нас все смотрят матч... ",0
458,"В вечернем выпуске Все на Матч, 18.45, показывая выступления фигуристов, самым ярким кадром Мишиной и Галлямова представили их падение! Неужели нельзя было выбрать другой?! Вот так вы любите и поддерживаете наших Чемпионов!",1
459,"Обратились в ООО ""ПРАВОВЕД"" г. Ставрополь (есть еще Москва,но там юристы серьезные), правда всё, что о них говорят и пишут: ОБМАН и РАЗВОД. Сейчас хотим вернуть свои деньги!Если есть желающие, можно обратиться с коллективным заявлением в прокуратуру по ст. 159 УК РФ (мошенничество). Деньги можно вернуть!",0
460,"Провел в номере ""стандарт"" один день и могу сказать, что не очень доволен данной гостиницей. Сильно не понравилось то, что халат оказался платным, хотя по правилам в таком номере он должен присутствовать бесплатно. Не понравилось размещение отеля, работа персонала и убило то, что не работал даже фен в ванной. Не советую посещать этот отель, а если и придется, то не пожалейте денег и доплатите на полу-люкс, там все сделано более менее для людей.",0
461,"Хочу добавить свой отзыв о бесплатной газете ""Блокнот"".Приносят ее каждому на дом бесплатно.Если живете в многоквартирном доме,то наверно встречались с ситуацией,когда поджигают ящики.Так вот за счет не востребованности этой газеты,он у многих просто валяется в ящиках,а подросткам этого и надо.О содержании и говорить нечего,четыре страницы рекламы и половинка странички из них программка,что и есть самое ценное в этой газете.Плюс еще набивают ее дополнительными вкладками с той же рекламой.Я так считаю,если мне что-то нужно,я направленно найду в доступных и платных газетах.А если меня не интересуют натяжные потолки и все остальное,то хоть завалите меня рекламой и обещаниями подарков,брать я, естественно, ничего не стану.Вот интересно,как-то можно регулировать это захламление ящиков?Хотя,наверно,об этом нужно писать уже  в другой категории.",0
462,"на третье заседание,которое состоялось 20.09.2018г., Баранников просто  не явился,потеряв всякую связь со мной и видимо решив,что и так уже достаточно мне помог.Мне пришлось самостоятельно, без оплаченной юридической помощи,вносить некоторые изменения в ""грамотно""составленное г-ном Баранниковым Ю.Е.исковое заявление.Мое дело еще не прекращено,но оплаченная мною юридическая помощь от компании ""ЮРФИНКРЕДИТ""уже прекратилась.",1
463,"Постоянно появляется сообщение, что нет регистрации в сети и связи при этом просто нет вообще ни какой. В службе поддержке ничего внятно объяснить не смогли. Сам догадался, что нужно перезагрузить телефон, но и это помогает далеко не всегда. Позор. Эта супер экономия Мегафона на всем достала.",0
464,"Делала в этом магазине заказы и раньше - продукция выше всяких похвал. Последняя посылка пришла забитая частично бумагой вместо оплаченной продукции. Будьте бдительны! Разочарована, нет слов.Но много магазинов с подобной продукцией и это успокаивает.",0
465,"В принципе отличный канал
Но, 21 век, а с оборудованием что? Матч Италия-Лихтенштейн
Ощущение что комментатор говит в телефон, звук ужасный",0
466,"Для таких сборщиков в Сбермаркете как я есть специальное приложение, по которому мы собираем заказы. Это просто замечательное подспорье, в разы нашу эффективность повышает. Уж не знаю, есть ли что-то подобное у конкурентов, если нет, то стоит позаботиться в этом плане о своих сотрудников. Но приложение позиции за тебя собирать не будет. Нужно сроки смотреть, внешний вид, учитывать совместимость продуктов... ",0
467,"Мошенники уже свернули свои ""Рога и копыта"", но открывают новые: tehvolt.ruoptomoto.rueurotexnika.rudomsantex.ru  Подтверждаю сказанное потерпевшими в ссылке ниже: https://осторожно-мошенники .рф/otzyvy-o-internet-magazine-compgear-ru- lohotron-2/",0
468,"Купила телефон в салоне Мегафон и сразу решила купить новую сим-карту. Сперва все было не плохо, но потом постоянно деньги стали исчезать со счета. Подключила личный кабинет, оказалось, что мне подключили миллион ненужных приложений "" Кто звонил"" и т.д. Потом еще лучше, стали постоянно звонить и предлагать сменить тариф. На все мои отказы отреагировали чудесно - в один прекрасный день перестали отвечать!",1
469,"Должа была поехать проводить подругу на поезд, из-за ужасной погоды по всему городу были пробки, дико нервничала, потому что боялась опоздать. По итогу водитель приехал оперативно и выстроил самый быстрый маршрут. Также предложил включить свою музыку и интересовался комфортна ли была температура в машине. По итогу успела вовремя и была очень довольна поездкой.",0
470,"Люди учитесь на ошибках других и даже не думайте связываться с этой ""компанией"", безответственных  и похоже не имеющих ничего святого ""людей"". Груз потерян,что как обьяснить не могут и смотрят на тебя ,как на дурака-это их любимый момент,т.к. таких очень много ,и это быдло в этот самый момент самоутверждаеся. Люди не работайте с этой компанией, пусть они горят в огне безденижья и отсутствия заказов.УЖАС!!!",1
471,"Ох и развелось этих псевдо брокеров, которые так и норовят присвоить деньги клиентов, вот и Фридом финанс такие же, жаль поздно это понял. будет урок на всю жизнь. берегите свои сбережения",0
472,"Придумали новый тариф с оплатой за просмотры, мой товар стоит 2,9 за один просмотр , можно размещать еще без пакета .ю как разовое объявление за 206 рублей. И даже если платишь эти 206 рублей объявление выкладывают через 4 часа общения с поддержкой, а так как время выкладки остается старое объявление сразу же уходит в поиске вниз!!!!!Отлично придумали!!!! сразу в... ",1
473,Последнее время очень дорого берут. Пользуюсь в последний раз.,0
474,"В марте 2017 года заказывали  мебель в две комнаты, в одной из комнат на фасадах пленка отошла от основы и вздулась полностью на всех трех дверцах, держится толька по краям. Гарантия прошла(она 18 месяцев) естесственно ни о какой замене фасадов от фирмы и речи не идет, НО 2 года это разве срок для мебели? Это явный брак, т.к. так быть не должно, это же комната, а не кухня и даже не ванная комната где жар и влага. Оставила данный отзыв в группе в контакте, там моментально его удалили, а меня занесли в черный список.Дабы не быть голословной прикладываю фото(оранжевым отмечено вся мягко говоря ""неприятность"")Никому не советую данную фирму.",0
475,"Очень рада была, когда в нашем селе появился Ростелеком. Худо-бедно работал, мы радовались, до тех пор, пока у меня не появилась потребность переехать на другой адрес. Заказала услугу «Переезд» 10.12.2023г. Со мной связалась оператор и мы договорились, что я отключаю 11.12. роутер, а они 12.12. пришлют специалиста с 9.00-14.00и он подключит мне интернет на новый адрес. 12 числа мне понадобилось... ",0
476,"Наслаждаться работой с дровоколом пришлось недолго, ведь у него было очень плохое качество металла. И как мне кажется, из-за этой проблемы и лопнуло лезвие. Да работать с ним было приятно, скорее всего я ошибся с выбором, но в производителях инструментов я к сожалению не разбираюсь, советую перед покупкой хотя бы почитать комментарии к товару, может хотя бы вам не так “повезет” как мне. ",1
477,"Мало того что посылку отправили по ошибке в другой город, так и получили на 6 дней позже вскрытую. Упаковки которой отправляли не было было все замотано скотчем сдек. Просто в шоке. Люди не пользуйтесь этой компанией. Лучше уж почта России пусть долго, но надежно",0
478,"Директор - человек - неудачник. Ну никак не получается ему и его соратникам сдержать свои многочисленные обещания, адресованные своим работникам, по выплате причитающейся заработанной платы. Удача отвернулась от этого человека, видимо, в момент, когда дорогу ему перебежала черная кошка. Пожелаем, что бы удача наконец-то улыбнулась ему!",1
479,"Покупаю технику Apple только в этом магазине уже 5 лет. Хорошие цены, качество и сервис на самом высоком уровне.Очень доволен сотрудничеством с данным магазином. На все вопросы были своевременно предоставлены ответы, не возникло никаких проблем с оплатой и получением заказа.",0
480,"Закупаюсь на ВБ почти год и всем довольна. Были случаи пересорта и пара случаев брака, магазин решил их, не став снимать процент выкупа. Отличные ПВЗ с примерочными, вежливые девушки, бесплатный самовывоз, широкий ассортимент, отличный сервис, работает даже ""нашли дешевле"", никаких задержек в доставке и можно заказать от ЛЮБОЙ суммы. Теперь ВБ мой любимый магазин.",0
481,"Пользуюсь этим ""ПРЕКРАСНЫМ"" оператором уже 5 лет .Первые 3 года связь была на твёрдую 4, но потом как будто его подменили. Дозвониться до оператора целая история в приёмную губернатора намного быстрее получается.Мобильный интернет вообще никак. Это в г.Краснодаре, не где-нибудь в горах! Голосовые вызовы часто обрываются! Также имел честь пользоваться домашним интернет и телевидением компании МТС около двух лет.... ",1
482,"Порадовала передача 60 минут новоявленным экспертом с большой буквы,великим аналитиком и гением мальчиком Мишей Коневым. Грех был,каюсь,но когда он появился на передаче, мы подумали что снова на сцену выпустили скомороха, но нет эхсперт. Господи,совсем опустилась журналистика и нравы до нижнего венца. О чем думают редактора и ведущие-да ни о чем. Как то Попов выгнал укронацика Белова со словами,что он ни... ",1
483,"Редкостная  дрянь! Именно это  приходит  сразу  на  ум  при  воспоминании  о  работе  с  коллегой по  имени Дмитрий Дрыгайло! Он  не  только  шестерил на   своих  коллег  руководству,  он  еще  и  само руководство  в  итоге  хорошо поимел! Дрыгайло прилично  денег наворовал  у  клиентов,  а  потом быстренько  смылся! Так что  даже не  знаю  что  из  этого  хуже, воровство  или  подлость!",0
484,"Суд назначил проведение экспертизы в данной организации ""АНО МЕЖРЕГИОНАЛЬНЫЙ ЦЕНТР ЭКСПЕРТИЗЫ"". Мало того, что такие чудовищные расценки нужно поискать, так в  заключении ""эксперт "" неверно написала мои ФИО, помимо этого сделала личное умозаключение и выводы, ПРЕДВАРИТЕЛЬНО ОЗНАКОМИВШИСЬ с материалами дела. НЕ РЕКОМЕНДУЮ ОРГАНИЗАЦИЮ ""АНО МЕЖРЕГИОНАЛЬНЫЙ ЦЕНТР ЭКСПЕРТИЗЫ"" НИ ПРИ КАКИХ ОБСТОЯТЕЛЬСТВАХ.",1
485,"Работа требует концентрации и тишины дома, к примеру, в декрете так подрабатывать скорее всего не вариант. Нагрузка высокая, но за счет грамотного распределения времени и четкого графика, с ней вполне можно справиться. Условия работы неплохие, компания крупная и стабильная.",0
486,"В позднее время устраивается весь этот ""счастливый детский праздник""!!! Остаётся участникам встать только на уши, чтобы удивить и завоевать таким способом внимание жюри и симпатизирующих им, а также склонить тех, кто сомневается в потрясном вечернем зрелище. Живое пение, натуральный звук перекрывают виртуальные картинки, превращая детей в маленьких гномиков, подтанцовывающих, огромного размера нереальностям в разных образах! Жуткая картина этого детского маскарада... ",1
487,Хороший сервис с быстрой подачей авто. Оплата сервиса как наличкой так и картой. Видно когда к вам едет водитель,0
488,"Банк Александровский отказывается выдать валютный вклад, открытый в 2021, в валюте.В ход идут различные отговорки и отмазки: ""предписание ЦБ"", закрывшаяся касса в Москве (а кого это должно волновать?), перенос офиса в Петербург (как я рад за Александровский!), плохие погодные условия и просто желание подзаработать (все мы грешны....). Плавали, знаем.А комиссия за ведение текущего счета в валюте кап-кап-кап...",1
489,"При поездке в Крым столкнулся с проблемой, что Теле2 там работает как заграницей, поэтому решено было подключиться к МТС. Сам интернет мне нужен был для работы с ноутбуком, поэтому взял ""ТАРИФИЩЕ"" с безлимитным интернетом. Безлимитный интернет в приложении так и обозначен знаком бесконечность, без всяких сносок, звездочек и т.д. Круто! Но какого же было мое удивление, что скачав карту России... ",0
490,"Самый худший оператор, доже одной звезды много! Интернета нет, поддержка это вообще отдельная история,рекомендуют купить усилитель сигнала! Чего установить? Если скорость интернета рядом с вышкой ниже плинтуса 🤣",1
491,"Приобрел сим-карту и пользуюсь уже 7 лет. Связь хорошая , не лагает особо. Пробовал несколько тарифов , абонентская плата устраивает, 250 рублей в месяц. Интернет быстрый. Конечно все зависит от местности.",0
492,"Ни в коем случае не связывайтесь! При приеме называют одну сумму за ремонт, после ""диагностики"" - в три раза больше. Потом предлагают ""скидку"", а если отказываетесь от ремонта, требуют 1700 р за ""диагностику"", не отдают телефон. Если после беседы понимают, что ничего с вас не взять, хамят и ведут себя отвратительно. Обходите эту шарашкину контору стороной!",1
493,"Пользовалась сайтом, вроде бы нормально, даже удобно т.к. быстро а потом решила присвоить объявлению vip статус, отправила одну смс деньги сняло, а объявление по появилось на всех страницах как это обещает администрация сайта, думаю ладно может ошиблась и неправильно ввела код отправила еще раз смс та же история. Люди не заказывайте платные услуги на uboard.pp.ua это развод!!!",0
494,"Если вы счастливчик и вам ОООчень сильно повезло в том, что приобретенная в этом ""магазине"" вещь работает. Начинайте играть в лотерею по крупному - Вам повезет! Если же вы не являетесь мазохистом, Бог знает каким извращенцем, доктором психотерапевтом, которому нужен материал для научного труда, тогда вам следует валить отсюда.",1
495,"Хотите быть оригинальной, будьте, но если Меладзе и Сюткин легенда, то почему исполнение Дзюбы нафталиновое, или Меладзе тоже ""великий оригинал"". Название передачи ""Голос"" говорит само за себя. Я уверена, что парень оказался бы в четверке лидеров. С таким голосом может и побеждали, но это голоса России, а не ""американских выскочек"". И потом в защиту судей может у Вас и получилось... ",1
496,"Директор балани Баланчук богдан при телефонном разговоре прямо сказал: ""Мы выбираем себе клиентов сами, а те кому что то не нравится посылаем в ж**у""! Вот и думайте какое отношение к клиентам, поэтому менеджеры и хамят. Большинство положительных отзывов на различных сайтах пишут фэйки, наврядли нормальный человек после такого отношения напишет что всё хорошо)",0
497,"Мне очень нравится Яндекс такси. Но после одного инцидента Яндекс такси заслуживает только 3 звезды.
После того как я села в автомобиль водитель начал говорить"" втыкаешь в свой телефон нечего не видишь"" я спросила что это за наезды. После этого он сказал что вот всегда стоишь в телефоне не видишь что я подъехал. Я повторила свой вопрос, что это за наезд... ",0
498,"Люди, не вздумайте что то заказать на этом ""сайте"" koreaphone.ru, их бывший сайт fonoland.ru Это лохотрон.. Я повелся на цену, сделал заказ. Попросил отправить посылку транспортной компанией, и перед оплатой проверить посылку, получил отказ. Потом я попросил знакомого что бы он сходил по указанному адресу на сайте, а их там нет вовсе... Данный магазин koreaphone.ru это шарашкина контора лохотрон, будьте осторожны! ",1
499,"Руководители СЗИ-Комплекс редкостные негодяи и конченные жулики, бывшие менты которые ничего не смыслят в строительных работах, а просто имели подход к руководство комитета по ТЭК Ленинградской области пока не кинули своих кураторов когда выполнили работы в Бокситогорском районе на ""бумаге"" а по факту даже не выезжали на местность. Деньги присвоили, дело завели. Борецкому дали 4 года условно) видимо откупился. Вообщем не связывайтесь с этими уродами.",0
500,"Раньше был на МТС, ушел оттуда из-за низкой скорости интернета. Перешел на МегаФон, пока все хорошо. 100-200 мбит. Также скидка 20% на тариф, что радует.",0
501,"Получила 18 августа 2017г. заказанные 2 антенны ""Aerial 2100"" и очень разочаровалась в качестве приема сигналов на телевизор: обещанных в рекламе 80 каналов нет, 8 каналов ужасного качества звука и изображения. Хочу вернуть антенны и получить обратно свои деньги. Прошу сообщить как это мне реально надо сделать",0
502,"Агенство ""Респект"" не достойно быть Вашим представителем. Риэлторы очень ""милы"". Общение безобразно, нецензурные выражения от девушек-риэлторов - это недопустимо. Навыки как профессионалов, так же под сомнением, девицы слишком ""легкого поведения"" и если Вас интересует покупка недвижимости, а не интим услуги, поверьте в Анапе есть профессиональные агенства, где ваш моральный образ не пострадает от таких представителей.",1
503,"Заказал у меня измерительный прибор, прибор я доставил транспортной компанией на адрес:109457, г.Москва, ул.Зеленодольская, д.36, корп.1 кв.174Петрусенко Антон Валериевич mosesc@mail.ru+79637777641После получения прибора Петрусенко перестал отвечать на звонки и письма и не оплатил за прибор.Будьте внимательны это МОШЕННИК! Его фирма ОБЩЕСТВО С ОГРАНИЧЕННОЙ ОТВЕТСТВЕННОСТЬЮ ""МОСЭНЕРГОСПЕЦКОМПЛЕКТ""< br />Если вы также пострадали от этого человека, напишите тут. Не передавайте этому человеку ничего без предоплаты, также если вы знаете этого человека, если вы сосед или родственник напишите тут или попросите его вернуть долг.",0
504,"Самая, фиговая связь.. В метро- не ловит от слова совсем. Приморский район СПб частенько связь ""гуляет"".под Выборгом в СНТ вообще не работает. Самый лучший оператор, да",1
505,"Я заказываю товар из магазина курьерской службой уже год, были другие службы и всё было замечательно. Но вот поставили сдек и приехал в первый же день хам 28.12.2023, оскорблял, чуть не порвал товар. Сегодня по телефону он меня послал на хер, вот какое отношение к клиентам. Сегодня последний день доставки, заказ, естественно, будет не доставлен, это нарушение сроков доставки, ну... ",0
506,"Отличный магазин с низкими ценами. Иногда цены прямо сильно отличаются от других магазинов. Как написано на их сайте, это связано с тем, что магазин работает на долгосрочную перспективу, хотят удержать клиентов, а не просто разово навариться, продав подороже.",0
507,"Полину надо убрать из наставников. Не умеет подбирать репертуар для своих подопечных. Ив Набиев был лучший! Но она умудрилась дать ему такие песни, что он вылетел из голоса.",0
508,"Губерниева не приятно слушать, даже противно. Испоганил биатлон, а теперь и до лыж допустили. Перестал смотреть биатлон, что, теперь прийдется и лыжи перестать смотреть",0
509,"Люди не связывайтесь с этой компанией она зарабатывает на выбивании искусственно созданных долгах. Я не пользуюсь ""ТриМоб"" уже год они продолжают мне слать счета.Причем счета все больше и больше,крышует их ""Універсальна Колекторська Група"".",0
510,"Связь отвратительная, чтобы позвонить надо выйти из дома к дороге, высоко поднять руку, тогда может быть. Про интернет история умолчивает, вообще нет. Только реклама по телевизору идеальная.",1
511,"МошенникиЗаказал и оплатил 10/10/2018 запчасть на Шевроле Тахо . Цена б/у запчасти была 300 рублей. Сегодня 19/10/2018. За 9 дней так и не отправили заказ. Сначала ссылались на то что курьер СДЭКа к ним не может приехать, потом, что из ДЛ.... Короче "";№%;№; конченые",0
512,"Вызвала такси Комфорт плюс. Водитель приехал, я звоню ему и говорю , подождите пожалуйста, за простой мы все оплатим. На что он мне ответил , я хочу домой и переведите мне 500 рублей, тогда я буду стоять и ждать. Я перевела ему деньги, через минуту он уехал, а мне пришло сообщение: такси отменено службой такси яндекс. Звоню в службу поддержки,... ",0
513,"Пользуюсь этим оператором всё время. Услуги других операторов даже не рассматривал. 2024 год, видимо, у них настолько ужасен, что мне сначала предлагают изменения тарифа по логике ""Ужасные условия за ту же плату"". Ладно, от этого мы благополучно избавились и я отстоял права на свой тариф, за который отваливаю им ежемесячно почти 800р. В феврале заметил, что у меня тупо списываются... ",0
514,"Фото к моему предыдущему отзыву. И вот за эту ""красоту"" я заплатила в общей сложности 3100 руб. А если хочу получить то, что первоначально заказала, то должна еще за доставку фартука на обмен заплатить 500 рубю туда и 500 обратно.",1
515,"Я просто дурею от этого конкурса. Такое ощущение что всё лучшее в москве. Где дети с Иркутска, Владивостока, Якутска, Красноярска. Такое ощущение что всё лучшее в Москве и её окресностях, а остальная Россия и ее дети полное г.. но. Вы свой конкурс и показывали бы по московскому телевидению, а то мы смотрим и завидуем кто ВЫ, а кто мы.",1
516,"Сутки пыталс связаться с манагером, просто буй кладут на обращение, постоянно играет музыка и пидр постоянно говорит про ожидание более 10 минут! Охуиьельгый сервис! Браво! Сдохните су*и!!!!",1
517,"Мы с вами договорились что я пишу вас статьи и систематически отзывы от лица ваших ""типа сотрудников"" о том какие вы хорошие и добрые, а в конечном итоге я получаю шиш без масла, а не оплату работы. Ознакомившись с отзывами которые пишут ваши ""Конкуренты"" я убедилась что они как раз таки и работали в вашей ""компании"" и из за этого у вас рвется ""сидалещный нерв"" ведь как говорится правда глаза колет... Я бы не писала ничего негде если бы вы ""Обещатели и продвегатели"" выполняли свои обязательства",1
518,"Ужасные сотрудники работают по адресу Самарская область, г. ,Сызрань, ул.Лазо, 10. Купила сегодня телефон в данном офисе и т. к самой разобраться с подключением не получилось вернулась в магазин где на меня наорали помощи никакой не оказали сказали что в моем возрасте надо дома уже сидеть. Я потребовала книгу жалоб ответили что ее нет. В общем улыбались и были милыми)) ",1
519,"Застраховали машину, обратилась за коско, и меня очень красиво просто кинули на деньги, 300 $ просто подарила компании. Хочу сказать сотрудникам этой компании, жизнь ""бумеранг"" - все возвращается в этой жизни, вы еще не раз вспомните эти слова. Сейчас страхуюсь в белгосстрахе и сплю спокойно.Почитайте отзывы и на других сайтах об этой компании, не пожалеете, а если и пишут что-то хорошее, так это сами сотрудники.ПОБЕРЕГИТЕ СВОИ НЕРВЫ, ДЕНЬГИ И ВРЕМЯ! НЕ ОБРАЩАЙТЕСЬ В ЭТУ КОМПАНИЮ НИКОГДА!",1
520,"Прочитала много отзывов о языковом предпочтении зрителей, и хотя я сама сторонник исполнения конкурсантами песен на русском языке, скажу, что ещё очень важна многогранность таланта исполнителя. Недаром на солидных конкурсах участников заставляют показывать свой вокал в исполнении и романсов, и народных песен., и под разный аккомпанемент и т.д.
За всю историю ""Голоса"" мы знали немало примеров, когда наставник представляет зрителю ... ",0
521,"Неужели так можно любить деньги, чтобы в очередной раз так явно опозорится???? Кажется, Нагиев даже был обескуражен таким результатом!!! Сагын - великолепный исполнитель, потрясающий юный гений, что очевидно было со слепых.., девочка-яркая звонкая, хороший сильный номер, но побеждает это бледное по исполнению создание…????
Понятно, что проект Оочень сильно коммерческий, но хотя бы финал не трогали..люди же слышат. Или вы всерьёз... ",0
522,"Ждала 3 часа одну треть заказа, тк другую украли курьеры. Очень классно. Никогда больше не буду заказывать что либо через них. Деньги пытались вернуть мне через промокоды с 15дневным сроком годности.",1
523,"Сделала заказ в интернет магазине мегафон телефон и оплатила. Заказ не пришел в салон в назначенное время, стала звонить в службу поддержки стали уверять, что заказ в обработке.Прошло три дня и тишина.Сама поехала в салон он оказался закрыт по непонятным причинам. Звонила в службу поддержки не один раз, чтобы перенаправили в другой салон и так прошло 4 дня. Наконец достучалась... ",0
524,"Быстро. Аккумуляторы отлично подошли, а большая ёмкость приятно порадовала. Почему-то на Яндексе был только один аккумулятор с нужным разъемом, пришлось второй брать с другим, не сильно страшно. Решается небольшой переделкой (использовал разъем от старого аккумулятора)",0
525,"Около месяца назад сделала заказ (№ 15433) в данном интернет магазине, мне сразу же ответили ""спасибо за заказ...."", ""оплата прошла успешно....."", ""отгрузка в течение 2-3 дней...."" и всё - тишина. На эл. письма никто не отвечает. Очень огорчена, но еще теплится надежда, что товар придет))))",1
526,"Пользуюсь МТС с 2005 года. Тарифные планы в МТС постоянно меняются. После очередного изменения, посоветовали в офисе МТС и подключили в офисе МТС ""скромный"" тариф для пенсионера в позапрошлом году ""Безлимитище"" с абонентской платой в 590 рублей. Установили автоплатеж. Год, наверное, спала спокойно....
Опять у них планы с названиями поменялись, Опять пришлось идти в офис, опять установили новый тариф ""Тарифище"",... ",1
527,"А я вот как раз ""успел"": я 5 ноября сделал заказ и оплатил его, а комменты про разводилово вижу в интернете с последующих дат. Итого 12 с лишним тысяч ушли...",1
528,"Счета отправляете регулярно, молодцы. В августе месяце у меня должны были забрать оборудование, забрали в октябре и предлагаете оплатить этот период. Услугами связи я не пользовалась ни разу, оборудование лежало в пакете, у меня до августа ремонт в квартире был, я предупреждала ваших сотрудников, но счета шли регулярно и я их оплачивала. Переехала я в августе, принесла оборудование в офис,... ",1
529,"Осторожно мошенники!Покормяко Вадим Степанович (Покормяко Вадим Степанович)Уляновський Андрій Володимирович (Ульяновский Андрей Владимирович)Кравченко Олександр Олександрович (Кравченко Александр Александрович)Снопок Павло Миколайович (Снопок Павел Николаевич)Основатели:ТОВ ""ЛІАСОН ГРУП"" код ЄДРПОУ 38619113ТОВ ""ТРАНС-ЛОГІСТИК УКРАЇНА""  код ЄДРПОУ 40798458ТОВ ""КАРГО-ПАРТНЕР"" код ЄДРПОРУ 41089221 ТОВ ""МІЖНАРОДНА ЛОГІСТИЧНА КОМПАНІЯ ""ПРОЛОГІСТІК""  код ЄДРПОУ 38323150ТОВ ""ТРАНС-КАРГО""  код ЄДРПОУ 40115564ТОВ ""ЛІДЕР-КАРГО""  код ЄДРПОУ 39435059ТОВ ""ГЛОБАЛ ЛОГІСТІК"" код ЄДРПОУ 38615648 и др.Входят в доверие, заключают договора на доставку, не выполняют обязательств и не возвращают деньги. Предоставляют поддельные документы. Будьте осторожны! Мой номер 0963335737 Сергей",0
530,"Директор балани Баланчук богдан при телефонном разговоре прямо сказал: ""Мы выбираем себе клиентов сами, а те кому что то не нравится посылаем в ж**у""! Вот и думайте какое отношение к клиентам, поэтому менеджеры и хамят. Большинство положительных отзывов на различных сайтах пишут фэйки, наврядли нормальный человек после такого отношения напишет что всё хорошо)",0
531,"Вот даже и не думала, что в Сбермаркете на сборке могут работать мужчины, все думал, что это больше женская работа. Ничего подобного, работа для всех. Причем, у нас также и молодые, и в более «весомом» возрасте есть. И все как-то уживаются, хороший коллектив.",0
532,"МОШЕННИКИ!ОБМАН!Разводят на деньги, благодаря известной марке! Берут деньги и исчезают!Хороший ""подарок"" на Новый год! Будьте бдительны!https://villeroyposuda.ruТел. +7 (812) 507-81-15 телефон никогда не отвечаетoooprofkitchen@yandex.ru - почта не отвечает тоже",1
533,"13.01.2023 не работает программа, поэтому сегодня, в пятницу на старый новый год подарки ( посылки через СДЭК не выдают. Класс. Может быть тогда хотя бы доставка за ваш счёт?",1
534,"Самое ужасное приложение для продаж! Очень жалею, что в своё время сделала его основным. Только палки в колёса за свои же деньги. Никогда не подключайте своё ИП к профилю. Это будет конец бизнесу.Потом поймете почему",0
535,"Данный предприниматель берет под гарантийные письма товар (может произвести маленькую предоплату) после чего продолжительное время «кормит фантастическими завтраками» и постепенно исчезает из поля зрения навсегда. Уже есть немало пострадавших от его ""деятельности"". Просьба, быть всем предельно внимательным при обращении к Вам данного мошенника.",1
536,"ООО ""ТЕХНОСТРОЙ""  Липецк г, 40 лет Октября ул, 25.Не работайте с ними. Взяли подряд в г. Березники на реконструкцию спортивного детского лагеря.Набрали здесь людей. Никому за работу не заплатили.Там директор - Шуров Виктор Владимирович, говорит, что ""НЕ ХОЧЕТ"" оплачивать счета за выполненную работу. Они еще и ""настроили"" с нарушениями.а Дуванов Сергей зам.Если Дуванову  что-то нужно - то он всегда рядом, а как расплачиваться - телефон не берет.",1
537,"Хочется отметить некорректность в поведении заведующей женской консультации г.Рогачева, как новоиспеченная мама  последний год я очень часто посещала данное заведение и откровенно говоря просто приходила в негодование.  Во- первых что меня очень сильно возмущает, что заведующая не воспринимает никаких замечаний в свой адрес, я находясь в кабинете на приеме у своего врача откровенно говоря была хамски отчитана, а простите за что, за то что посмела сделать замечание Абрамович Г.Л., что ей следует войти в кабинет после того как врач закончит мой осмотр и оттуда выйду я? Во- вторых в женскую консультацию я пришла со старшей дочкой ,которая в силу своего возраста не может сидеть как на допросе, а являясь любознательным ребенком постоянно задает вопросы, что также ""раздражало"" заведующую- детей нужно оставлять дома...А про то, как данная дама обращается с младшим медицинским персоналом так вообще нет слов, такое ощущение что это не люди, а какие-то отбросы общества...Я конечно понимаю, что преклонный  возраст и стаж работы в данной должности весьма существенны, но при всех этих заслугах стоит пересмотреть своё поведение в отношении пациентов.",0
538,"Ужасная компания, к сожалению нет альтернативы, раз в месяц обращаюсь с проблемами связи, и это в Москве, работаю на удаленке, на данный момент нет интернета более 12 часов, на вопрос кто будет компенсировать мои убытки, связанные на прямую с отсутствием связи, в ответ- мы сделаем перерасчёт, это рублей 20!! Классс",1
539,Очень дорого!!! Нет связи с водителем. Ни разу причем не смогла связаться. Встанут вот и ищи их. Охрененный сервис,1
540,"Классный парень, у него такая мужская харизма, так и прет. Убрали всех сильных. После скандала на детском Голосе, смотреть просто не приятно. Почему не показывают голосование?",0
541,Спасибо большое сотрудникам за внимательный приём заказа и доставку курьером. Я очень доволен покупкой электро бритвы (756701) Xiaomi Enchen Blacktone 3 Blak. Валентин.,0
542,"С моим заказом все получилось очень просто. Я выбрал на сайте необходимый планшет и оформил заказ с доставкой. Через пять минут мне позвонил оператор магазина и сказал приблизительное время доставки. Курьер приехал на следующий день, предварительно предупредив о точном времени доставки.",0
543,"Самая фуфловая прога, которую я когда либо встречала. Мало того, что комп пытаются спасти от вирусов уже не первые мастера после установки «чудо» программы, дак я еще и аккаунт свой не могу восстановить. Хотите геморроя, гоу, устанавливайте и мучайтесь",1
544,"1) Обучение, когда тебе максимально доступно и доходчиво все разжуют (на настоящем моем месте работы обучение для новых сотрудников сводится к указанию пути на сетевой диск, на который вывалена куча всякого бесполезного хлама, обновленная информация вперемешку с файлами 2002 так года. 2) Самый адекватный коллектив, в котором я работала. Ни разу не было проблем как с руководством, так и с... ",0
545,"Я пока начинающий сотрудник, недавно после обучения. Помимо того, как именно работать, нас учили справляться с негативом, не припускать все через себя. Как вышла на линию, поняла, насколько это актуально, без знаний я бы точно не справилась. Чувствую очень большую поддержку, начальство очень хорошее, лояльное и понимающее. Ранее я опыта такой работы не имела, проблем при устройстве не было.",0
546,"Большая часть вроде как даже положительная, но все перекрывают очень негативные моменты! Очень странно что в одной из программ,ведущая представленная как Учительница безумным голосом рассказывала что Рок музыка это хорошо, хотя известно что это далеко не так! В программе под названием ""Короткая сказка"" постоянно упомянут алкоголь! Это в ДЕТСКОМ радио!!!",0
547,"Чекто и быстро работает магазин. Днем заказал картридж и в тот же день получил заказ. Приятно сталкиваться с таким хорошим отношением к работе. В будущем обращусь именно к этой компании.
Недостатков не заметил.",0
548,"Матч тв вы посто красавцы нам важен матч аякс паок!!! Просто дол..ебы не слов, продолжайте так же ..",1
549,"Закройте передачу, это не Голос, это стал конкурс песни... Мрак.. такое чувство, что сижу в Баре и слушаю, не лучшего качества, каверверсии. Пресняков как Элочка из 12 стульев, только набор слов другой))) Вкусненько, Сладенько. Беляев жаль что у него нет чувства - Самозванца, потому что он не мэтр как пытатся казаться, он хороший маркетолог, а не музыкант. Закройте передачу, не позорьтесь!",1
550,"Богословская….. разболелась голова от этого неприятного голоса. Очень ее много. Не даёт слова вставить второму комментатору. Жалко второго комментатора: есть только ее мнение, перебивает. Переключала на другие каналы во время трансляции шорт трека.",0
551,Сервис вашей компании очень качественный и достойный! Буду пользоваться впредь Вашими услугами и рекомендовать друзьям!,0
552,"0890 позвонила, надо было решить вопрос по тарифу через оператора, автоответчик сообщил о том что оператора надо ждать более 10 мин. Итого более 10 мин. слушала музыку, затем короткие гудки и сброс. ""Благодарю"" за ""прекрасную"" обратную связь.",1
553,"Вайлдберриз более десяти лет был моим любимым магазином. Низкие цены, огромный ассортимент товаров, бесплатная доставка, лёгкий возврат товаров, лучшего и пожелать нельзя. Но в последнее время, весь этот сервис, постепенно стал сходить на нет.
Цены, как и везде поднялись, курьерская доставка стала платной, ассортимент товаров заметно снизился, а в чате с тобой общается тупой бот.
Но больше всего разочаровало, что теперь возврат... ",0
554,"Провел в номере ""стандарт"" один день и могу сказать, что не очень доволен данной гостиницей. Сильно не понравилось то, что халат оказался платным, хотя по правилам в таком номере он должен присутствовать бесплатно. Не понравилось размещение отеля, работа персонала и убило то, что не работал даже фен в ванной. Не советую посещать этот отель, а если и придется, то не пожалейте денег и доплатите на полу-люкс, там все сделано более менее для людей.",0
555,"Первый и единственный раз сделал заказ на Wildberries и впечатлений хватило. Магазин торгует воздухом, точнее вакуумом. Товара в наличие нет, деньги берут, но ничего не поставляют. Куда смотрят надзорные органы? Наверное они так сильно загружены, что им не до Wildberries/",1
556,"Все, что написано в комментариях к моему отзыву сотрудниками Компании ""Проект Групп"" лишь подтверждает информацию и факты, которые изложены в отзыве. И то, что Компания в итоге вернула мне МОИ ДЕНЬГИ (причем не в полном объеме) ничуть не лишает меня права разместить информацию о том, что происходило и результат, который сейчас имеет место быть. В нашем быстро меняющемся мире будут успешны только те Компании, которые честны по отношению к своим Клиентам, качественно выполняют работы, соблюдают договоренности и уважают КЛИЕНТА, а не пытаются сорвать куш и потом ""тихо этому радуются""... Все остальные ОБРЕЧЕНЫ! Более я не готова вести переписку и продолжать диалог. Отзывы размещены, решения по сотрудничеству будут принимать потенциальные Клиенты!",0
557,"30 апреля 2013г был заключён договор №19-1-13 с кадастровой компанией ООО ""БТИ и КР"" для выполнения кадастровых работ в течении месяца.Через 2 месяца выяснилось,что работа не выполнена.Межевой план отдали в ненадлежащем виде,без печатей и подписи кадастрового инженера Васильевой В.Н.В кадастровой палате такой план не приняли.Директор Муштуков В.Б.отказался исправлять ошибки или возвращать деньги.Заявив что сделанный межевой план это простая бумажка и мы ничего нигде не докажем!",0
558,"Всем! Всем!Всем!бывшим клиентам  пострадавшим от   ""приятной"" стоматологии клевер.ужасающая некомпетентность и безответственность.соби раюсь подавать на них в суд за все  свои мытарства ,а также за моральный вред причиненный этими горе специалистами.",1
559,"Что могу сказать хорошего о данной компании, да ничего! Условия работы и проживания ужасные, питание ничтожное, за малейшие огрехи штрафуют, причём не на тысячу или две, а на все десять!!! Трудовой договор, должностную инструкцию не выдают, говорят о том, что человек находится на испытательном сроке и после его окончания все документы будут оформлены....так что если вы любитель ""Острых ощущений"" и согласны добровольно потрепать себе нервы, вам сюда!!!",1
560,"уберите эту рекламу!!!! тошнит от этого юноши!!! самая противная реклама!!! хочется уйти с мегафона после таких ""реклам""",0
561,"Удалось короткий период спокойно, без одиозной ""ведущей"" посмотреть передачу. К сожалению, опять уходим на 1-й!",1
562,"Сменил сайт на https://server13.site/. Но суть неизменна. Вранье и отбор денег. А чтоб не мешали ""облапошивать"" людей и дальше, ограничил доступ к своей странице в контакте.",0
563,"Раньше я слышала, что строительная компания Монолит Крым хорошо делают свою работу и ответственно относится к клиенту. К сожалению, это оказались лишь проплаченые отзывы. То что я получила в итоге похоже больше на цирк. Меня обманули, облапошили и кинули на большую сумму денег. Остерегаю вас от общения с этими ""людьми""!",1
564,————— И ведущие с приветом. Мы хотим жить в мире!,1
565,"Хороший магазин, часто покупаю. Не нравится только что за самовывоз нужно платить, и получается что доставка платная и самовывоз платный. Проблема в том что если бы магазин привозил уже протестированный товар то был бы смысл заказывать доставку, а так получается что если привезли и товар бракованный, то отказываешься от товара и ждешь опять, а это опять время. В общем магазину... ",0
566,"Вы очень хорошо обсуждаете проблемы с Трампом в Америке, замечательные пассы насчёт упадка США и Европы. тогда объясните хоть раз - почему там такие страсти-мордасти, евро и доллар в России укрепляются, а наш рубль падает...",1
567,"Покупала новый смартфон в салоне Мегафон в т/ц Яркий г.Ярославль.Большую помощь при этом мне оказала руководитель офиса Яна,грамотно все обьяснила ,дала необходимые рекомендации,проконсультировала для дальнейшего пользования смартфоном.Благодарю за внимательное ,грамотное ,доброжелательное отношение к клиентам.Уважаемая Яна! Дальнейших Вам успехов в работе.",0
568,"сегодня, 19 июля, пришли в волгоградский офис МТС на Ерёменко ,130- дети подарили на день рождение новый телефон ,нужно было переоформить карту. Подарок стал поводом для прекрасного настроения прекрасное настроение, которое испортил менеджер. Не поздоровался ("" у меня большая ответственность ,чем говорить ""здравствуйте"" клиенту""). Был без маски - надел после замечания. В ушах - наушники, разговаривал на ""ты"" не... ",1
569,"Я, Роман Костюхин, автор двух документальных книг о футболе, создатель газеты - Примиусский спорт, постоянно смотрю спортивные передачи. Особенно увлекаюсь футболом и биатлоном. Хочу выразить своё мнение о телеведущих - Все на матч. Это просто жалкое зрелище! Во-первых, наблюдается демонстрация подхалимства, непрофионализм, пустая болтовня для старушек на лавочке и многое другое, по телефону набирать ещё долго, но я ограничусьодним примером... ",0
570,"Совершенно банальная ситуация - мне понадобилась пластиковая карточка для личных нужд. В силу того, что я сама работаю в сфере обслуживания, закрыла глаза на то, что ждать так долго придется, ведь не все зависит от человека, принимающего документы.Прошло больше месяца, я с полной уверенностью, что карточка готова пришла в банк, где обнаруживается, что ее еще нет и вообще, ""слишком мало прошло времени"" - это по словам специалиста.",1
571,"Я согласна совсеми словами,которые высказали посетители этого сайта.Развод просто развод.Ужасный интернет магазин!!!Никому не советую. Никогда больше ничего заказывать не буду и буду всем трубить,чтобы даже не думали пользоваться услугами этого ""магазина"".Как не стыдно,так делать свою работу!!!!!!!!!!",1
572,"Это бывшая ""Империя права"", которая закрылась, кинув своих клиентов, теперь сотрудники перебрались сюда, на Партизанскую, 80А - юристов там нет, набирают с улицы, цель - обобрать, вручить кучу ненужных заявлений, с которыми вы сами отправитесь по инстанциям, а заплатите за это несколько десятков тысяч рублей, на судебные заседания никто не явится, так что дело проиграете, то есть, потеряете вдвойне, вся правда про них в группе ВК - ""ЛЖЕЮРИСТЫ! КРУПНЕЙШИЙ ЛОХОТРОН В САМАРЕ!!!""",0
573,"Вы, извини, если я что то, скажу не так, но женщина, а я надеюсь, что, Вы, женщина, так не может себя вести. Журналисты, репортеры - женщины, это показатель добра, культуры, образования. Ваша деятельность - абсолютно противоположная.",0
574,Как можно было не повернуться к Руслану Алехно?У него прекрасный сильный голос! Люди которые судили его поют хуже! Возможно это профессиональная зависть и боязнь конкуренции. Назвать его исполнение ресторанным— это полный бред! Верните в жюри Градского !,0
575,"Созданы все условия для профессионального роста. Внутренний портал с полезной информацией и возможностью учиться — большой плюс. Плюс есть спортивные активности, например, беговой клуб для поддержания формы.",0
576,"Выставляют счета, получают оплату, а далее пропадают! Так же блокируют номера телефонов, если вы дозвонились первый раз - то второй с того же номера не возможен! Используют юр. лица :ООО""ВИРАЖ"" ИНН 7707846626, КПП 770701001, ОГРН 5147746232090, ОКПО 40049737 и ООО""ТАЛИОН"" ИНН 7726706543, КПП 772601001, ОГРН 1127747036757, ОКПО 11664909.",0
577,"Контора полное де..о, взяли деньги 42 т.р обещали 100% результат в деле. Никакой работы не было сделано. Сотрудники меняются как""перчатки"".Очень безграмотные"" юристы"". Полный лохотрон.Ни вкоем случае не обращайтесь, ничего не добьетесь, только деньги и время потеряете!!!",1
578,"Мегафон для Северо-Западного региона наилучшая связь, на мой взгляд. Но почти всегда был дороже всех конкурентов по тарифам. Сейчас смягчение встречается, но тарифы мало привлекательные, пожалуй.",0
579,"Почему не выбрал никто Марию Корель? Разве голоса выбранных некоторых участников лучше были?
Тут многие на Гагарину плюют. А мне она здесь по душе. Лучше многих тренеров, если не всех",0
580,"Испытала испанский стыд за своих соотечественников! Волкодав элементарно не умеет петь! Мимо нот 50% точно. Как можно этого не услышать?
Ернар был самый сильный исполнитель.",0
581,"""РОСПАРТ"" - откровенные мошенники ! В июне сделал заказ, оплатил его и всё - ни товара, ни возврата денег, только два звонка на мои напоминания ! Так что, будьте осторожны, прежде чем обратиться в этот ""РОСПАРТ"" -""кинут"" без стыда и соввести!",0
582,"Уважаемые бывшие клиенты юридической фирмы ООО ""Альфа"", которых также как и нас обманули эти мошенники, давайте соберёмся для написания коллективного заявления в прокуратуру! Поскольку судебные приставы разворят руками и сейчас фирма переоформлена на ООО ""Хороший отзыв"", адрес прежний Долгоруковская Ул. Д.6! Телефон для связи 8-916-442-47-96 или электронная почта: milaru.55@bk.ru",0
583,Это сила! Это ведущие! Как шавки вставляют свои дурацкие реплики.,1
584,"Последние время приходится часто пользоваться услугами РЖД и такое неприятное впечатление от проводника впервые. Всегда в начале пути встречали приветливые девушки (женщины). Где-то улыбнутся, где пошутят, во время пути всегда помогут, на прощание пожелают всего хорошего.
А вот поездка 4 сентября Москва-Калининград, поезд 029 в вагоне номер 8 таких впечатлений не оставила. Проводник явно устала от... ",0
585,"Ненавижу Матч только за то, что эти ..вари создали все свои матч-каналы исключительно для зарабатывания денег именно с населения! В выходные показывают какую-то..рень! Блевать хочу на Матч тв!!!",0
586,"По теме вопроса - увидела ролик, решила поделится им со всеми ищущими для себя учителей! Ролик размещен совершенно на нейтральном канале ( не имеющем отношения к эзотерике) то есть это говорит о том что записывали его не конкуренты, а действительно люди пострадавшие от рук "" высоко духовных учителей"" из альвасар, айрен по и джули по! Посмотрите ролик, как вам такая высоко духовность!!!???",1
587,"Заказала якобы в интернет магазине ноутбук, позвонил  якобы менеджер и предложил оплатить в банк по счету предоплату 100% и  пообещал, что через 2 дня они вышлют товар транспортной. После оплаты наступило полное молчание: ни телефоны не отвечают, ни по эл.адресу не отвечают и товар не высылают.Интернет магазин Excellent-book.ru,юридическое лицо ООО "" Алфрам"", счет на ООО"" Вертикаль"" в банк МДМ. ",1
588,"Эта компания-натуральный лохотрон с юридической поддержкой! Люди, никогда не обращайтесь к ним! Меня развели на 8000 рублей за составление заявления, которое , как оказалось, вообще ненужно. Восхищен прфессионализмом юриста Виссарионова Александра Юрьевича.",1
589,"Выражаю огромную благодарность Арине. Впервые мне сделали перерасчёт за подключённые не мною услуги, Виктория подсказала как отключить подписку на платные услуги с коротких номеров! Побольше бы таких сотрудников! Прошу руководство выписать премию за отличную работу девочек!",0
590,"15 февраля я переезжал с южного бутово в видное с компанией ""ГАЗЕЛЬКИН""((((... там не страхуют груз!!!!!-забывают вещи и рвут с места не дождавшись пока владелец сядет в свою или тем более нанятую машину чтобы следовать сзади; так и произошло -водитель Камалов со своей бригадой из Кыргызтона уехал не забрав оставшееся и самое главное,""умный диспетчер сказал после моего звонка ему возвращаться-в итоге вещи поскольку машина была маленькая и укрывного материала кроме грязных тряпок не было не забрали,на покатушках потратили полтора часа и потребовали заплатить не за 2.5 часа а за 5.",1
591,"Наверное утро доброе, но увы не для меня. Сегодня 13 января 2024 года, я должна была уехать на 47 поезде со станции Бежецк до Санкт-Петербурга, приехала я туда за 1,5 часа отсидев свое время до приезда поезда, о счастье и он пришел, но нет мой 18 вагон в самом хвосте я пошла в хвост, стоянка 3мин передо мной бежали... ",1
592,"ООО ""КВАРТИРА"" ИНН 5404038930 мошенники !!!!! на всех доступных сайтах размещают липовые фотографии объектов, якобы у них фактически имеются контакты арендодателей, по факту после заключения договора и внесения оплаты 4200 р направляют смс с иными адресами и номерами телефонов, после звонков по которым оказывается, что квартиры сданы, либо вообще никто не отвечает и не перезванивает. Дозвонится и решить какие-либо вопросы после оплаты нереально!!! возврат денежных средств блеф.",1
593,"Ранее эти ""юристы"" работали в москве под названием Общественная приемная по защите прав граждан (Россия, Москва) отзывы можете найти на otzovik",1
594,"Здравствуйте! Оповещаю всех участников форума о недобросовестном поведении ООО ""ИНКВИН"" в отношении своих клиентов, а именно поставку низкокачественных товаров и дальнейшем не выполнении в срок своих договорных обязательств по возврату денежных средств. Мои знакомые смогли вытянуть с них деньги только через суд.",0
595,"Через половину  мира посылка доходит за 5-10 дней, везде отслеживается, как только пересекает границу РК и переходит в руки КазПост, её отслеживающийся номер теряется в силу переклейки нового КЗ номера который нашим работникам таможни нехочется в общую базу вносить, или наша ""нищая"" таможня не имеет средств на сканер и програмное обеспечение, а может имеет сканер и программу да вот только на кнопку сканера лень нажимать..... ",1
596,"Продукт под маркой  ""русское молоко"" приобретенный в Пятерочке в данном случае творог 1,8% жирности , такой гадости в жизни еще не пробовала, в  целофановой шуршащей упаковки вскрыли от  туда живая тухлата запаха,сроки хранения выдержаны (10.01.18 по 24.01.18) вскрыли 13.01.18- доверяться датам свежайший продукт.Рискнула попробовать на вкус хотя и с отвращением -вкус еще хуже .молочного там вообще ничего подобного нет.И что значит изготовлен из белорусского творога из тухлого,просроченного ?Люди ! за что вы так не навидете свой народ,за что травите? мы и так выживаем из последних сил.",0
597,"Данный персонаж абсолютно не компетентен в тех сферах о которых пишет. Результат сотрудничества отрицательный. Мне казалось что на рынке уже нет таких ""специалистов"" они должны были вымереть как динозавры, однако мне удалось найти такого.Вы получите провал по трафику так-как он допустит фатальную ошибку и забьет на нее Вы точно получите отвратительное впечатление от сотрудничества Вы точно потеряете время Вы точно не получите результата ",1
598,"Пользуюсь МегаФоном уже 13 лет. Но связь лучше не становится, а только хуже. Дома словно в бункере (интернета нет, связь только в определенной комнате), на работе стал тоже глючить (страницы грузит долго, порой сбрасывает совсем загрузку). Не до меня ни я с МегаФона на МегаФон дозвониться не могу! Думаю перейти на другую связь.",0
599,"Обещают 60%, когда рынок недвижимости и строительство стоит? Ответа, как компания обеспечивает такой большой процент я не услышала, только какая-то хамская реплика: ""не хотите, не вкладывайтесь"". Если не хотите попасть на деньги, то несите лучше в банк из топ-100, хоть процент ниже, всяко надежнее конторы ""Рога и копыта"", которая может исчезнуть с вашими денежками через год.",0
600,"05.06.2018 сделал заказ на шуруповерт хитачи в интернет-магазине E38MARKET.RU юр-лицо указано ООО Импорт 39. Оплатил предоплату 50%, получил ответ, что мой заказ оплачен и в ближайшее время будет передан в курьерскую службу.С тех пор ни на сайт попасть не могу, ни дозвониться в колл-центр. В службе доставки сегодня сказали, что не зарегистрирован такой заказ. В общем мошенники.Переписка с ""оператором"" сайта:",1
601,"Самое ипаное такси!!! Выпал бумажник, так водила мне его уже больше 6 часов везёт, никак не привезет. Порожняком ехать не хочет! А что карточки банковские, права, техпаспорт там ему до лампочки",0
602,Не возможно дозвонится до оператора ! Не днём не ночью ! Уже аж смешно ! Говорят якобы все специалисты заняты,1
603,"Несколько лет пользуюсь. У меня несколько (5 касс). И это УЖАС! Постоянное несоответствие остатков в товароучетной системе с остатками в кассе ( ты думаешь что товар у тебя есть в наличии, а фактически его нет или наоборот), неправильное начисление-списание бонусов в картах клиентов (бонусы списываются, но по факту их остается столько же). Почти Все технические проблемы решаются через предоставления дистанционного... ",0
604,"В связи с коронавирусом, канцелярии гос. учреждения не принимают документы от физ. лиц, только от курьерских служб доставки или почтой, и вот я решила ускорить доставку документов и отправила ""замечательной компанией СДЭК"", т. к. их офис расположен рядом с моим домом. О ЧЕМ СИЛЬНО ПОЖАЛЕЛА! Отправка была осуществлена 31.03.2020, на приемке, сотрудник СДЭКа мне сказал - 4-5 дней.",1
605,"И Попова заодно! Почему не показали запись от начала до конца? Полицейские просто обнаглели, они разучились с людьми разговаривать и обьяснять. Полицейские скажут что угодно, как им выгодно. А Попов защищает эту омерзительную систему, смотреть тошно!",0
606,"Однако они отводят их от уголовного дела по мошенничеству, аргументируя:1) Объяснениями: умысла, якобы, не было; подрядчик собирался добросовестно строить, но заказчик капризный оказался и помешал этому.2) Отсылкой к разрешению проблемы в рамках (уже выигранного) гражданского суда и исполнительного производства. Соответственно, надо объединять заявления пострадавших от жуликов и коллективно обращаться в правоохранительные структуры.",1
607,"Классический комментарий будущего адепта: ""Джулия, я очень Вам благодарна за щедрость, которую проявляете в нете, информация бесценная, зацепила, хочу учиться дальше, буду копить нужную сумму.﻿""",1
608,"Чему дети учатся у подобных Лободе наставников?!Почему никакой цензуры?!Это же ДЕТСКИЙ Голос!Скромнее ,умнее,профессиональнее должны быть наставники для детей!!!!Смотреть не хочется!!!",0
609,"Пришлось мне как то купить 1 сим карту и телефон в мтс. Вышел из салона счастливый покупатель телефона и сим карты в лице меня. Дали еще 1 сим карту ""в подарок"". Так вот оказалось, что сим карта вторая подарок именно в кавычках, стоит он 250 рубле, да еще и абонентская плата от 600 р в месяц. Неплохой подарок, который не... ",1
610,"Отвратительная компания. Это не компания по оформлению виз, а контора по выманиваю денег у населения. Схема такая: берут деньги якобы за оформление визы,при этом предлагают оплатить передовом физическому лицу, не имеющему никаких юридических и договорных отношений с компанией. Документы на визу кладут ""под сукно"" и под предлогом, что ""консульство затягивает сроки оформлениия"", ""консульство не открывает нужное количество мест"" ничего не оформляют и деньги, оплаченные клиентами за оформление виз, НЕ возвращают.Это аферисты и мошенники.",1
611,"Зарегистрировалась, для того чтобы сказать вам: нечестно вы работаете, господа. Обещаете одно, а на деле ничего. Заказала у вас массажную накидку, хотя колебалась, но ваши уговоры, обещанный подарок, и  я согласилась. В результате о подарке вы ""забыли"". Кто вы после этого, догадайтесь сами.",1
612,"в четверг 11.10.18.исполнилось  3 недели как я жду обещанного (пока не3 года,обещанного 3 года ждут),три с небольшим недели назад позвонил в 58 грузчиков в пензе,милый голос соединил с мастером Павлом,он приехал на обьект тут же,это вселило уверенность,ну думал какая оперативность,мастер посмотрел ,сказал ,что из за сложности работ это не раньше двух недель,ну ладно две так две,он дал свой телефон,позвонил ему через 1 неделю,он сказал пока нет возможности,позвонил еще через 2 недели ,опять никак,прошла третья неделя,я говорю ему давай тогда отменяем заказ и я обращусь  в другую компанию, он отвечает,что много работы,но отменять не надо,что все сделаем. Я верю и жду!!! Вчера 12.10.18. еще веря, написал СМС Павлу что напоминаю о работе в гараже,ни ответа.Вот после четверга  уже 4 неделя пошла(может после дождичка в четверг,а дождя все нет),смех да и только с этой 58 грузчиков. Позвонил сегодня в другую контору ,они и сказали:никаких проблем,засыпем погреб песком,затем щебенкой и слой раствора из миксера,сроки выполнения 2-3дня.А я идиот ждал 3 недели в 58 грузчиков,спасибо!",1
613,гавно а не связь инет шляпа компания жидов и упырей набивающие свои карманы за счет обмана населения. Вымораживает ихний беспридел.,0
614,"Вчера 29 вечером женщина под именем Маша хотела купить у нас собаку, и написала что перевела нам деньги!!! Прислала поддельный сайт авито с фальшивой оплатой, написала прямо в сообщения авито! Что деньги я получу ею переведённые когда она узнаёт номер карты моей!!!Весело да )), Типо деньги сейчас сайт авито блокирует, а так она может напрямую перевести. Мне же не 10... ",1
615,"Наподключали всякие подписки без моего участия, и не надо говорить что подключить их можно только самому или это предусмотрено тарифом. С апреля ничего не было предусмотрено а в октябре взяли и придусмотрелись! Хорошо, что хоть деньги вернули, что ещё раз говорит что сам мегафон их подключает. Попросят, тогда вернут а не попросят - жизнь удалась.  ",1
616,"Заказала в этом магазине 4 двери на сумму 54 тысячи, привезли другую модель и тянут с возвратом денег или обменом.  1) магазин меняет заводские названия моделей дверей на свои выдуманные, 2) фото на сайте не соответствует реальным моделям дверей, 3) по телефону каждый раз трубки берут разные люди и дают противоположные ответы на один и тот же вопрос, а еще друг на друга операторы говорят "" она новенькая"" или "" она уже не работает"" , в-общем концов не найдешь, 4) на сайте ( и по закону) указано- возврат в течении 14 дней, на самом деле менять двери или возвращать деньги не собираются , предпочитают отмалчиваться.  Никому не рекомендую.",0
617,"Жюри конкретно переигрывает. Смотреть уже неприятно.
Перемалывают нормальные красивые песни в хлам. Хочется в новом году пожелать не скатываться в минус .",0
618,Когда уберут этих ненавистных нашему русскому миру этих судей. Слава русским песням и нашим традициям!!!,0
619,"Продавщица в книжной магазине сказала нам что учебников не в каких магазинах города нет в наличии, так как книжным магазинам сказали что учебники для 2х и 9х классов выдадут школы, что чуть ни 100% учеников получат учебники от государства. Получается двойной обман, и ученикам книги не выдали и книжным магазинам сказали что книги ученикам выдадут, не покупайте их, якобы все равно их не продадите. Ужас какой-то!",1
620,"Я не понимаю откуда такие положительные отзовы их наверное пишут сами руководители студий.  ""Едим дома""это  один сплошной обман. Говорят и обещают одно. А в конце совсем другое. Только время потратили.",0
621,"В полученном наложенным платежом и заклеенной корпоративной  лентой ГУДИЗ по заказу  номер 37225 от 2012-08-22 товаре отсуствовала половина  заказаПосле обращения к ВАМ получил ответ: От: ""Команда гудиз.рф"" [mailto:info@gudiz.ru] Отправлено: 20 сентября 2012 г. 20:15Кому: alexandr-1958@yandex.ruТема: Интернет-магазин ГУДИЗ Добрый день,  уважаемый Александр Юрьевич!Очень сожалеем, что произошла подобная неприятность!Мы запросили недостающую деталь у поставщика, в самое ближайшее время мы обязательно с Вами свяжемся и сообщим о результатах.Приносим искренние извинения за возникшую ситуацию!-- С самыми теплыми пожеланиями,команда гудиз.рфНа этом все уважение и закончилосьКатегорически не рекомендую этот магазин",0
622,"Купил за 7500 рублей 2 билета в МДМ партер Мюзикл «Призрак Оперы». У официального представителя Ticketland.ru на сайте http://vseconcerty.ru ИП Дильдяева Федора Анатольевича.Менеджер по продажам ошибочно продала и прислала курьером билеты на другое число.Неправильная дата в документах вместо 31.05.2015 указана 30.05.2015 г.Данная ошибка была обнаружена только в МДМ 31.05.2015 в 13.40 перед началом Мюзикла.О чем сообщил сотруднику по телефону данного сайта, менеджер пообещал, что вопрос решится и деньги вернем. На сегодняшний день ответа от данного предпринимателя не получил. Сотрудники по телефону отвечают, что директора нет и ближайшее время не будет.Прошел месяц, ИП Дильдяев Ф. А. не соизволил даже дать официального ответа.На сегодняшний день написаны претензии в контролирующие органы, пусть они разбираются с этим предпринимателем.ООО ""МДТЗК""(он же Ticketland.ru) официально заявил, что ИП Дильдяев Ф. А. не является официальным их представителем.Если вы хотите, чтобы мероприятие, а которое планируете попасть, состоялось лично для вас, покупайте билеты в других организациях.Сканы прилагаю.",0
623,"Столкнулись с вопиющим безобразием со стороны таксиста Яндекс такси . за столько лет заказа такси такого чуда не было. Приехали поездом , на жд заказали такси доехать домой с вещами, подъехал таксист и прямо на глазах отменил заказ , видимо , кто то пожирнее заказал , короче переобулся .Пришлось время терять и снова заказывать . А если... ",1
624,"Уже несколько лет пользуюсь МТС. Сейчас решила перейти на другого оператора, т.к. МТС стал очень дорогой, всегда за что-то списывают, до оператора не дозвониться, отвечает только робот. Сейчас очень удобно, номер остаётся, а оператора выбираешь по своему кошельку.",0
625,"я начала искать хороших специалистов, но вместо этого, я попала на мошенников из компании ООО ""Юристплюс"" мне на консультации все красиво преподнесли и рассказали, что решат без всяких вопросов и без судов мой конфликт на работе и я останусь с работой. В общем меня уволили, я осталась без работы и без денег. А эти горе юристы только пожимали плечами... Ни ногой к ним, денег они конечно же не вернули, якобы выполнили предмет договора, только как выполнили и на сколько криво и какие итоги никого не волновала...",1
626,"Мошенники. Куда только смотрят правоохранительные органы.Антена, которую эта ""компания"" продает, сделана в каком то подвале и ничего не принимает. Пустышка. Сажать таких ""бизнесменов"" надо",1
627,"Посетила салон с целью сделать маникюр/педикюр, ушла со ""сделаной"" одной рукой, от остального отказалась, мастер как будто вообще никогда этим не занималась! Может быть сразу после курсов, практикантка! Но за такие деньги, такой красивый салон - должны предупреждать что работают люди без опыта!!! Я очень недовольна!",1
628,"Ужасный ужас!Не возможно смотреть спортивную женскую гимнастику.Ну, чисто бред!!!Оценки забивает, что- то лепечет",0
629,"Поставщики! Не работайте с этой конторой в долг, ни под каким предлогом и обещаниями ""товарища"" Руслана. Заключают договор поручительства, первое время платят,далее оплаты прекращаются.Тянут время по погашению долга, ссылаются на ожидание денег от госзаказчиков проектов. Руслан и офис на звонки не отвечает. Дело передано в суд.",1
630,"Здравствуйте, уберите из жюри Гагарину! Верните Пелагею! Или Нюшу! Реально приятные и умные женщины.",0
631,"ЖК ""Резиденции Замоскворечье"" ужасный кич... как можно строить такую дрянь в 21 веке..................................... ............................................. ............................................. ............................................. .......................................",0
632,"Отвечаю на восторженный ""комментарий"" пользователя под ником ""Эзотерик"" Вот это скрин всех ваших так называемых ""отзывов"" на этом ресурсе. Теперь и тем кто посмотрит эти картинки, станет понятно - кто кормит вас плюшками!!!",1
633,"Я являюсь клиентом Компании ""Отопительные системы ОГК"" уже много лет, и меня очень удивили негативные отзывы, это ПРОВОКАЦИЯ чистой воды - ЛЖИВЫЕ отзывы, сразу видно, ведь компания уже много лет на рынке, и директор Греков А.Э. ответственный человек и никогда меня не подводил, все работы по обслуживанию отопительного оборудования производились в срок, и сотрудники профессионалы, ни какие не гастробайтеры!. Я очень доволен выбором компании, которая обслуживает котельную в моем доме!",0
634,"Неделю назад была согласована дата и время доставки (2 октября с 10 до 13:00). Утром звонила в СДЭК и обещали привезти во время. Посылка была важной и было важно ее получить до вечера.
На данный момент время 16:00, через час заканчивается мое рабочее время, позвонив курьеру, стало ясно, что никто не собирается торопится и извинений также можно не ждать. Хорошо, если... ",0
635,"Настоящие серийные мошенники, каждый день появляются новые сайты-клоны для продолжения своих мошеннических махинаций. Отправка товара только после 100% предоплаты. Нереальные скидки, ничем не обусловленные !Оплата товара происходит напрямую на карточку этих мошенников: их реквизиты: НОМЕР КАРТЫ:4469 1572 0310 8653БАНКОВСКИЙ СЧЕТ:Номер счета: 40817810190110026745Получатель: Леонтьев Михаил СергеевичБанк получателя: ООО ""ХКФ БАНК"" Г. МОСКВАБИК банка: 044525245Кор. Счет: 30101810845250000245ИНН получателя: 183512990529Адрес получателя: укажите любой адрес------------------------------------------- ----------------------------------Действующие клоны мошенников на текущий моментmoscow-apple.rushop-apple.sustore-apple.storeapple-tyt.comapple-room.shopmir-apple.storeappleshop-online.rustore-apple.shopapple-rooms.store",0
636,"Что со мной стало происходить после консультации!!! Это просто ужас. Я чувствую себя лохушкой, которуй мало того что на деньги развели, так ещё и пакет негативных событий в след кинули.Называется записалась к мастеру рейки!Кто хочет наступить на мои грабли, вперёд, записывайтесь к этому ""чудесному"" мастеру рейки",1
637,"Странно  теперь  видеть  рекламу  по  телевизору  от Фридом Финанс! Очень  смешанные  чувства  испытываю  после того  как  стала  их  клиентом! Ведь  с рекламы  кажется  что  компания  надежная  и  крупная, европейская а  на самом  деле  мошенники  и еще  из  России! В  общем  попала туда, облапошили до  нитки и  осталась у  разбитого  корыта, как  в  сказке! Жулики они!",0
638,"Начну с самого простого, это скорость. Скорость у компании великолепная, максимум который я замерял-20мб/с! Отличная скорость, которая дай бог выдержит видео с адекватным качеством, стабильная скорость у меня 4мб/с. компания уже 2 раза меняла мне тариф по собственному желанию, сначало они убрали больше половины функций и повысили цену, затем снова повысили стоимость за подключенный безлимит. Постоянная смена качества сети, будто долбят по ней.",1
639,"Для продвижения нового товара решили заказать накрутку в ютубе и фэисбуке, попались на рекламу, типа будет качественно и недорого. Однако, появление нескольких новых подписчиков, накруткой не назовешь. В службу поддержки на сайте не достучишься. Пришлось отказаться от услуг подобных ""помощников"". Рады уже тому, что не влетели в крупную сумму.",1
640,"Менеджер отдела продаж компании ""Град-Промо""Данил Кокоткин+7(953)827-12-70grad.danil77@mail.ru Заказывали у них утеплитель, менеджер Данил сказал что склад находиться в Барнауле... Машину так и не нашли чтоб привезти... Потом написал что деньги вернут и всё...Трубки недоступны, по юр. адресу нет такой организации ... Не связывайтесь с ними никогда...",0
641,"хочу поделиться качеством работы технической поддержки, которая в принципе отсутствует в этой организации. Так как для покупки товаров необходимо привязать карту/ы, то если не выкупаешь товар, который даже с браком, то списывают деньги с карты за возврат. Так 05.11.2024 я заказала 2 пары джинс, которые пришли с кривыми швами, когда одеваешь их, то шов оказывается на коленке - это брак?... ",0
642,"Ни когда не заказывайте товар , особенно если в для бизнеса его заказываете. просто не привозят в том обьеме что заказывалось.
из за плохой работы сборщиков, они могут не пр инять заказ в работу, говоря о том что нет сборщиков, потом что не проходит проплата, и в итоге расформировывают заказ чтоб не собирать. Сборка с удовольствием соберет заказ за 2,3... ",0
643,"Осторожно, мошенники!!! Компания ООО ""Практика"" производит торговлю фальсифицированными лекарственными препаратами Papillock, PapillockPlus через различные интернет-ресурсы (http://papillock.org, http://papillockplus.ru и т.п.). Отзывы реальных покупателей о таких препаратах имеются, например, в http://badbed.ru/bads-new/566-papillock-obman -otzyvy.html",0
644,"А нас около 40 мин. назад водитель Яндекс таки высадил из машины с ребенком, потому что мы ему не понравились.
Круто!!!
А оказывается такое бывает!!!
Теперь я понимаю безответственность этой организации - перевозчика, ... Вы вызываете Яндекс-такси, они Вас посреди дороги высаживают и ВЁЁЁЁЁ... никто ни за что не отвечает, круто....",1
645,"Оговорочка по фрейду :)На персонале, ведущем контент экономят, то картинки с крестами и церквями в вк, то ляпы везде! Обратите внимание- в вк почти нет комментариев, их просто удаляют! :)Очень очень жаль... так хорошо начинали, потом увлеклись в игру ""авторство"" и ""мы лучшие"" и понеслась... опустились до того, что в книгу ""векторная нумерология"" вписали даты бывших лекторов и разобрали их в негативе!",1
646,"Качество выполняемых услуг по ремонту одежды в этом ателье действительно на ""высочайшем уровне"". Дважды обращалась в ателье - дважды вещи безвозвратно испорчены. Единственный плюс - хорошо продуманный для клиентов подъезд к ателье и удобная парковка. ""небольшая"" Стоимость - это фактический обман, т.к. вы платите за то, что вещь больше не будете носить.",1
647,"Купил обогреватель маме на дачу. Сначала все было хорошо, мама была довольна. Спустя некоторое время все стало просто ужасно. Обогреватель перестал греть, так как изначально было заявлено производителем. Начал бить током, в итоге использовать его стало не только страшно, но и действительно опасно.",0
648,"Вчера ехала в маршрутном такси ""К"",номер ""С 310 КЕ"",машина находится в изношенном состоянии, во время поездки машину заносит и качает в разные стороны, в любой момент может перевернутся, обратите, пожалуйста, на это внимание, на такой машине перевозить людей нельзя.",0
649,"Кроме слова «мошенники» ничего сказать не могу. Подключают ненужные платные услуги без разрешения, при подключении дополнительных услуг обнуляют оплаченный период и требуют оплатить заново. В чате общаются бестолковые сотрудники, квалификация которых вызывает очень сильное сомнение. До этого был Онлайм, скучаю…",0
650,"Возмущена появлением Киркорова в рекламе, да ещё с такой ""смешной "" шуткой- "" вошёл не в ту дверь"" ...
Да уж. Быстро вы ""переобуваетесь"".
Давайте и оппу его начните показывать. Ну очень весело всей стране от вашей рекламы. Такое шедевральное остроумие , аж тошнит.",1
651,"Посчастливилось совершить покупку в данном магазине. Молодцы, оперативно работают. Ни товара, ни денег. Зато так правдоподобно делают рассылку: оплачено, отгрузка и т.д. А потом, ни сайта, ни номера телефона действующего ..3 секунды соединение и сброс вызова.По данному факту обратилась в МВД России отдел ""К""..и всем, кто пострадал от этих ""замечательных"" людей, советую сделать тоже самое!",1
652,"Имели неосторожность заказать у них сайт  - полный провал и позор. вот что они нам ""создали"" за 2 месяца и 25 тыр)) Сразу предупреждал руководство, что это конченые проходимцы, но они решили ""попробовать""Особенно мне понравился ""логотип"", который Дмитрий, видимо, лично нарисовал в paint за бутылочкой пивкаНикому не советую к ним обращаться -  даже свой собственный лого эта ""студия"" не смогла нарисовать, а слила с бесплатных стоков)",1
653,"Отвратительный автоответчик. Хочу ждать ответа и слушать обычные гудки столько, сколько могу и хочу! Зачем вклинивается робот с ужасным голосом и ненужными советами. Не нужна мне такая ""помощь""",1
654,"Приходит так называемый юрист - дама в брильянтах, явно из кавказских или азиатских регионов, выпучив глаза и размахивая руками, громко крича мелет чушь, не отвечая прямо на вопрос, затем объявляет, что она и так ""в общих чертах проконсультировала, а для того, чтобы добиться мне успеха, она ТРОЕ СУТОК!!! будет составлять ПРАВОВОЕ ЗАКЛЮЧЕНИЕ по элементарному вопросу, за которое возьмет 20-30 тысяч, если заплачу за ее бумажку, то меня ждет 100% успех, если пойду проблему решать сам, ждет 100% проигрыш..",1
655,"Лично я, очень благодарна основателям и всему персоналу Wildberries за их безупречную работу, которая очень сильно облегчают нам жизнь (помогая сэкономить время и деньги)!!! На протяжении двух лет являюсь постоянным клиентом и очень довольна условиями работы с ними! Желаю Вам процветаниям долголетия!!!",0
656,"http://begemotor.ru/   Осторожно мошенники!!!!!!!! Очередная интернет дурилка отбирающая деньги у населения. За этой питерской ОПГ уже более 20-ти эпизодов!! Всю информацию о вновь появившихся мошенниках я уже передал в органы,сказали что эта опг уже давно в разработке..  Торгуют как обычно квадроциклами,снегохода ми,вообщем мототехникой.На официальном сайте квадроциклов CF MOTO уже появилась информация об этих мошенниках begemotor.ru.  Ознакомиться можно здесь: http://motorespect.com/news/osteregajtes_mosh ennikov,_predlagayushhih_tehniku_cfmoto_so_sk idkoj_20161212",0
657,"Сидит пьет чай, не работает кондиционер, это не мое дело, техника у меня нет! И смеются! А вагоне много детей, жара 32 градуса! Хамит и орет на всех!",0
658,"Все мы знаем, что таких ""предпринимателей"", как завещал один мудрый человек, хватает во всем мире, такие люди живут по принципу ""не н****шь - не проживешь"", но также каждый из нас в глубине души знает, что они процветают только потому, что мы им это позволяем. В этой связи настоятельно рекомендую обратиться с заявлением в прокуратуру Басманного района города Москвы, изложить в заявлении все необходимые факты, приложить подтверждающие фото-материалы.",1
659,"Блокируют буквально все , что связано с недвижимостью ! Призываю всех отказаться от этого сайта ! Я не могу выставить на продажу свою личную квартиру ! Смешно !",1
660,"Следовали 27 сентября на поезде 81 вагон 10 . При входе в вагон света нет вообще, температура в вагон на табло + 31, следуем уже 2 часа жара невозможна. Попросили воды , вода есть, но оплата только наличными 0,5 л - 75 рублей. Охренеть бизнес , это круче чем на безпроигнышных лотереях. Самый главный прикол за такое "" приятное"" отношение... ",1
661,"Собственно был оплачен ключ на Battlefield 4 Premium   , ключ не пришел. Пытался связаться с поддержкой, поддержка молчит! А теперь самое веселое чтобы оставить отзыв на сайте, нужно чтобы ""администратор"" его одобрил... Ну написал отзыв, и что я вижу через 3 часа? а то что его уже нету.",1
662,"По поводу транспортных карт:1. Списывают деньги как попало, когда и куда попало с задержкой в 3 дня.2. Блокируют возможность пополнения через банк, после своих же манипуляций.3. Украв деньги еще и предлагают заказать платную детализацию.Вывод: чтоб вам стало ""очень хорошо""........",1
663,"Всё отлично, кроме комментатора Олега Пирожкова. Подземные, уберите его с Прекрасного канала. Он настоящий Предатель. 😭😭😭",0
664,"Вместо белых кед  Лакосте 36-го размера на кожанной подошве впарили синие парусиновые ""гады"" 38-го (фото прилагаю).  Обратной связи нет. Кто-то в полицию пытался обращаться? Это ж мошенники!",0
665,"Никаких ""скидок"" указанных в акции- нет, так как изначально цены на книги завышены, а на некоторые в несколько раз. Качество книг оставляет желать лучшего, и уж никак не соответствует заявленным ценам на них.Каталог с новинками мне не прислали, зато я получила ""рекомендуемую книгу"" (без предупреждения, что мне она отправлена или необходимость сделать заказ) - по утроенной цене чтиво сомнительного содержания и отвратительного качества.",1
666,"А ты раб России радуйся. Барин сделал царственное снисхождение всё стерпящим женщинам - холопкам, несущим на своих хрупких плечах заботу о своих семьях, детях.
И с каким лицемерием об этом сообщают, что, якобы, проявляет о народе заботу и сострадание. Не повысит возраст выхода на пенсию, а заметьте, ПЫТАЕТСЯ, всеми силами, СНИЗИТЬ Пенсионный возраст, аж на 3 года, до 60 лет, вместо 63",1
667,"Такого безобразного сервиса я ещё не встречала. Клещами вытаскивала информацию и в итоге всё равно ""кинули""............................... ............................................. ............................................. ....................................",0
668,"Мошенники!!!! Это ж надо так людей на деньги разводить. Сидите ничего там не делаете, а за такие деньги как вы ""зарабатываете"" люди годами ботрачат!!!! Ни стыда, ни совести(((( Все к вам бумерангом вернется, еще ответите за это!!!!",1
669,"Здравствуйте ""Уважаемый"" Департамент транспорта,не за себя прошу. За Всех жителей,""пгт. Большие поля"".Обратите Особое внимание на расписание транспорта под № 12,№ 34. Не вооруженным взглядом видно что автобусы ходят друг за другом.Слёзно прощу внести изменения в это непонятное нам недоразумение. Так как оно доставляет не малые неудобства.Скажу спасибо как увижу результат.А пока не за что.",1
670,"А вот у меня на Кагоцел началась жуткая аллергия. Врач отменил и назначил Рафамин,на второй день мне уже стало лучше. Хорошо,что не успело опуститься в бронхи - я хроник. Теперь всей семьей им лечимся.",0
671,"Оформил заказ на сайте 23.12.2014г. с доставкой на 24.12.14г., ожидал, что со мной свяжутся для подтверждения, но ни кто не перезвонил.Ну вот настает 26 число, а от курьера ни звонка,перезваниваю, он сбрасывает, и так 4 звонка в течении 2х часов, ладно набираю менеджеру, на что слышу ответ, нет Вам сегодня ни чего не доставят, не успевают.И при этом они не извиняются, и говорят что нам по фиг.Вот такой ""хороший"" магазин.Рекомендую подумать прежде чем делать у них заказ.",1
672,"Да такая же история, заказала 09.11 оплатила 10.11, пришло оповещение заказ отправлен, а сегодня отменен.Не на письма не на телефон не отвечают.Поддерживаю обращение в полицию, на сайте МВД есть письменные обращения непосредственно в отдел ""К"". Я готова",0
673,"Посчастливилось совершить покупку в данном магазине. Молодцы, оперативно работают. Ни товара, ни денег. Зато так правдоподобно делают рассылку: оплачено, отгрузка и т.д. По данному факту обратилась в МВД России отдел ""К""..и всем, кто пострадал от этих ""замечательных"" людей, советую сделать тоже самое!",1
674,"Заказали  букет начальнице на  работе. Утром получила, ходит довольная. К обеду «гром и молнии», никто понять ничего не может. Сбрасывает по WhatsApp  фото букета (прилагается) и спрашивает : «Это от Вас букет?». Никто из коллег так и не признался, все ведь хотят премию получать, а на фото увядшие цветы.",0
675,"Посмотрел программу на 20 апреля 2019, и что?? НЕЧЕГО. UFC второй раз в истории будет проводить бои в России (Санкт Петербург). С множеством наших соотечественников, и наш ""замечательный"" Матч ТВ забил большой и толстый, на это событие. В итоге - говноканал.Чтоб вас вообще там всех разогнали!",1
676,"Давненько такого лохотрона не видел! Все предложения интернет мошенников, продающих волшебные таблетки, чудесные чудеса техники, ""наимоднейшие фирменные"" вещи и прочий хлам просто меркнут перед этой ""супер-антенной"". Куда смотрит Роспотребнадзор и прокуратура? Почему эти продавцы ещё на свободе?",1
677,"В свете сегодняшнего формата трансляции матча еврокубка, не удивлюсь, что мы в скором времени увидим в таком же формате трансляции по хоккею, биатлону, лыжным гонкам и не удивлюсь по фигурному катанию и художественной гимнастике и т.д.
Девушка в студии говорит: я посмотрела, мне понравилось.",0
678,"Не понимаю, чем Евразия подкупает посетителей. Но как по мне, обслуживание ужасное. Ждать приходится по часу каждое блюдо, официанты не всегда встречают у входа, часто приходится сидеть без меню, в ожидании, когда же к тебе подойдет официант, цены завышены, несмотря на эти ""скидки"" и акции. Естественно, это делается только с целью заманить гостей, выгоды там никакой нет.",1
679,"Спасибо Козель.труба удалена.Ничего не хочу сказать,что он виноват в том что у меня ВБ,нет,совсем нет..просто он ведь врач,и должен понимать,что не все беременные кот.,к нему ходят все рожают..есть и такие.Мажет,значит прощайтесь со своей беременностью,для меня уже это закон",1
680,"Текучка юристов постоянная, приходят на собеседование каждый день, т.к. больше срока стажировки не работают, оплачивают по-минимому чтобы не жаловались (сотрудникам), ""начальник"", ""учредитель"" просто разводиловы, тупые никчемные люди, в отделе делопроизводства сидит Елена Алексеевна мошенница (та кто печатает вам документы, это делают не юристы) и обманщица. Не ходите туда, найдите грамотного частного юриста и вам помогут",1
681,"Хочу предостеречь всех,кто будет обращаться в эту компанию для оказания юридических услуг.Юридические услуги оказывают неквалифицированные специалисты (Ивлева К.В.) и подставные люди(псевдоадвокаты Чебнев О.Ю.).10 ноября 2018г. обратилась  за юридической помощью по поводу ""Ветерана труда"", деньги взяли немалые,а помощи никакой не оказали.Контора мошенников,обращалась к руководителю Николотову В.С.,тот вообще отказался говорить ,направляла письмо-претензию,так не приняла организация.Мой совет всем обходите стороной эту мошенническую организацию.",0
682,"На сотовый чудом отозвался какой то мужик -как потом оказалось по его же собственным словам ""Директор""Спрашиваю всё ли у них в порядке-не лопнули ли случайно и прошу принять заявление о закрытии вклада.Мужик просит придти в пятницу(А сегодня вторник)а еще лучше не в этом году-а ещё лучше даже не в следующем.У них все болеют ""ПАНИМАШ"".Ну и я как нормальный клиент конечно же нормально понял-Я объяснил ему что болезнь работников ""Столетия"" это проблема не только лично моя - не только всех клиентов этой компании но видимо и всех жителей г Обнинска тоже - т.к я очень проникся проблемой предложил ему бесплатную помощь-в виде ""А не посидеть ли мне на Рецепшене""",1
683,"Ну скажите, как наказать такой ""магазин""??телефоны дерьмо, греется батарея, перезагружается самопроизвольно, обменять или вернуть нет возможности, хотя на сайте написано красиво о возврате денег или замене!!! если есть еще кто хочет наказать владельца, а именно Иванова Николая Владимировича г.Курган ул. Красина 31-17 (от этого адресата пришел телефон) пишите.люди, которые пытаются зарабатывать деньги не честным трудом должны нести наказание.",1
684,"НЕ НАРАЩИВАЙТЕ ВОЛОСЫ В ЭТОМ ГАДЮШНИКЕ. наращивают волосы очень плохого качества когда я покупала волосы у них мне сказали что это самые самые самые лучшие волосы . и наростили . и теперь у меняя на голове волосы котрыесаамого худшего качества которого я еще не пробовала. ""спасибо"" к вам больше не ногой",1
685,"Покупала фитобочку ""Фиторелакс""(fitorelax) всего пять месяцев назад, сказать по правде поначалу моему счастью не было предела. Однако длилось это счастье не долго, как оказалось парогенератор был не исправный, как только я его включила появился очень резкий и не приятный запах, который стоял в квартире очень долго. Парогенератор совсем не работал, а только вонял, прозванивали в компанию и просили как-то устранить данную проблему, но фиторелакс умело увернулся и обвинил нас в халатном использовании. Хотя мы включили парогенератор впервые! Сейчас фито бочка стоит обычным декоративным предметом.",0
686,"Перед отпуском на морское побережье сделала себе хороший, в синих оттенках, шеллак, но за 10 дней два ногтя дали трещину, и по приезду в Москву побежала в свой салон восполнять утрату, так как остальные ноготули выглядели достаточно прилично))) Мой мастер была занят, а на работу нужно было ехать и вот забегаю я возле метро в ТЦ ""Круг"", т.к. помню, там девочки и в мороз, и в жару сидят у входа и кропят над пальчиками прекрасных дам...администратор, выслушав мою проблему, отправила к мастеру, работавшему за креслом №2, та с пренебрежительным видом посмотрела на мои два несчастных обломка, не поправив форму, не отполировав верхнюю часть, ничего не спросив, кроме как, ткнув мне в нос палитру со словами: ""Кошачка у нас только эта!"", намазюкала достаточно небрежно, просушив старой лампой...что-то подправив пальцем по краям, отправила во свояси!!! Заплатив кровных 300р., ровно через сутки мой новоявленный шеллак сполз, после мытья головы, не задерживаясь ни секунды на ногтях...В общем разбираться из-за такой суммы не стану, но больше к ним, не ногой....",0
687,"""Черный Бумер"" просто разочарование года. Я начинающий блогер, хотела стать такой же популярной, как и якобы клиенты. Однако знаний о пиаре у них ровно столько же, сколько у звезд российского шоубиза... На первичной консультации они не могли даже объяснить, кто такая целевая аудитория, и что такое контент-стратегия! В общем, бежала из этой шарашкиной конторы дальше, чем глаза видят. Никому не советую!",0
688,"В детализации расходов отображаются звонки которых не было...Не знают как сорвать денег с людей, начали уже обманывать. Дно пробито, молодцы. В центр поддержки не дозвониться.",1
689,Очень плохо предоставляются услуги. Для того чтобы им дозвониться я потратила 10 минут набирая цифры то 1 то 2 то 4 но не одной цифры нет где тебя будет слушать специалист 🤬😡. Набирая уже всё подряд и о чудо свершилось- ответили. Просто ужас 👎.,1
690,"Сегодня, вечером в пятницу в студии собрались все ""самые крупные специалисты"" из ОТСТОЙНИКА. Жаль, восходящая звезда пятничных эфиров господин Старшинов спрятался уже в который раз от зрителей программы. Возглавил, как всегда, всю эту эфирную шо*лу Абзалов. Многие зрители уверены, что в ближайшее время он опустит свои штаны в клетку до пола и сыграет стране, как Зеленский, но на бубнах! Ты,... ",1
691,"Юристы безграмотные, сама контора мошенники! Кассационную жалобу, которую составили в ООО""#Кодексчести"" в суде рассматривать не стали по причине пропущенного срока и кучи ошибок, заплатили мы с женой 25000 рублей, деньги возвращать отказываются ! В нашем случае с нами работала юрист Гуреева Елена Владимировна, ее после этой работы уволили, на первый взгляд достаточно грамотный юрист, но на самом деле просто развела на деньги. Жаловаться руководителю бесполезно, его просто нет, или они всегда разные, контора зарегистрирована на некто #РодионовВладимирГеннад ьевич ,но за него себя выдает некто Михаил Юрьевич и Кристина Юрьевна, люди быдловатой натуры, с которыми разговаривать просто невозможно... Просьба к тем, кто пострадал от мошенничества #ОООКодексчести, напишите мне на электронный адрес fulcrumservice@mail.ru нужно объедениться, чтобы забрать свое! P/S Хоть и первое апреля, но не до шуток!",0
692,"С удивлением узнала, что списывают оплату за подписку amediateka. Ранее уже сталкивалась с этим. И вот ведь интересно - на сайте amediateka пишут, что услуга отключена, а в Ростелекоме плата ежемесячно списывается и отключить эту подписку в личном кабинете у меня не получается. ХОРОШО ПРИСТРОИЛИСЬ.",1
693,"Звонят по телефону и приглашают на презентацию,завлекают подарками:фитнес браслет,самый дешёвый,который стоит 3$ на Ali,если ещё преведёш второго человека дадут сервиз,в итоге один браслет на двоих и ещё пришлось писать 100! сука номеров телефонов(левых.что в голову приходило) каждому ,чтобы получить второй браслет....хрен там дали только первым двум.Не тратьте своё время и нервы...презентация проходит более двух часов,всё наигранно,призы выигрывают ""свои""люди.НАБОР ПОСУДЫ ИЗ 4-ёх предметов со всеми несуществующими скидками выходит 2000!!! ДВЕ ТЫСЯЧИ ДОЛЛАРОВ!!! ТОЕСТЬ ОДНА СКОВОРОДКА 500 БАКСОВ.........Нет слов.",0
694,"Вечерами столько интересных матчей КХЛ а вы шляпу какую то вечно показываете, то сидят каких нибудь три иди.... Ота и обсуждают футбол, очень интересно!!!!!! Нет что б начать менятся и начать нравиться людям, вы где то летаете... Мёртвый канал",1
695,"5 июня этого года я была вынуждена обратиться в вышеуказанную больницу - в горле появилось какое-то непонятное и страшное чувство, будто оно постепенно сжимается. Было около 16.00, я еле доехала до больницы и,уже внутри, подойдя к окошечку регистратуры (которое, кстати говоря, расположено на уровне пояса для людей нормального роста) я была не удивлена, увидев четырех женщин, болтающих между собой. Попросила свою корту и направление к лору. Мало того, что я задыхалась и чуть на ногах уже не стояла, так одна из работниц (не помню, был ли у неё бейджик с именем) настолько медленно двигалась за моей медкартой, настолько медленно её искала (с первого раза не получилось), что я думала, умру там. Медкарту я, наконец, получила вместе с направлением, и мой визит обошелся без последствий для моего здоровья, но я с ужасом думаю о том, если мне еще хоть раз придется побывать в этом месте.",0
696,"Позор отелю, огроный позор, что не гостеприимно встречают туристов,берут деньги не маленькие за номер,а кормить не кормят нормально,горячей воды вообще нет, не уберают номер и многое что другое. ""Спасибо"" туроператорам, что обманывают туристов,хорошо ведь знают что за отель,но все равно предлагают и продают путевки, и проблемы не решают.",1
697,"Заблокировали профиль так как телефон поменялся, захожу через почту и пишет мне ""мы не можем восстановить профиль""! То есть человек 2 раза проверку по документам пройти не может, а профиль можно взять и зажать!! Круто. И это при том, что пишешь им с почты, привязанной к аккаунту! Вообще из людей деб""""лов делают браво!",1
698,"Играешь себе в игрушечку от Мегафона - выиграйте Айфон, фигафон и так далее. Получаешь приз - отказываешься, но оно не сдается, оно приходит снова - ""ну, может, все-таки возьмешь подписку на ВК Музыку, ну позязя, ну возьми"".
И вот тут - туш, аплодисменты! Если ты соглашаешься, с тебя тут же слупливают сотню с лишним за эту самую подписочку.
Эти ребята..молодцы!",1
699,Продолжение эпопеи что была описана 4 ого февраля. За сегодняшний день интернет с 20 00 до 21 00 пропадал 16 раз ( пока пробовал в нем посидеть- погоду хотел посмотреть- страничка гисметео не загрузилась). Через модем соседа -другой провайдер соединился с вашим центром. Ответ шикарный у нас все впорядке. На ваш номер придет смс с результатами проверки (номер на... ,1
700,"Заказ 4 еврокуба (Счет № ПП-0010441 от 09.03.2016г). Связались быстро - менеджер Лукашов Дмитрий Иллич, все обсудили, выставили счет. Оплатила в тот же день - на прошлой неделе позвонила - все тот же, Дмитрий вспомнил меня, извинился - сказал высылаем - ""а воз и ныне там"". Уже 2 дня телефон ""занят""!!!",1
701,"ООО «АВТО-ТРЕСТ» - прокладка.Не платят перевозчикам.Набежало около 200 000.Головная компания - ООО ""Диевас"".Развозят молочку, продукты.142700 Московская Область г. Видное ул. Белокаменное шоссе, дом 20, этаж 5 офис 511.Читайте отзывы в интернете и сайте арбитража.",0
702,"4 года назад ООО Русская Группа Компаний  (тел 8-952-917-82-11 , почта rusgroupcom@mail.ru) в январе 2012    заказывали составить сметы, после того как сметы была составлены - кинули меня с оплатой. Имейте ввиду их ""добросовестность"".",1
703,"Пользуюсь разными инет-магазинами давно, правда л-максом один раз, не считая тлф-заказа, сегодня решил сделать заказ на сумму 3000 р, увидев, что они нарисовали за доставку, почти пол тысячи - 444р, сразу же аннулировал эту халяву, ""господа"" евреи этого лже/макса, видимо хотят на драной козочке в рай въехать ... . Короче, не теряйте время с л-лгунами, не связывайтесь с ними никогда, забудьте эту контору ...",1
704,"Бывают косяки, у кого их нет.
Очень хорошо, что общение с менеджером записывается, компания несёт полную ответственность за обещания своих рабочих.
И надо отдать должное, у них это хорошо получается.
Заказываем всей семьёй не первый раз, цены супер, за базар отвечают, будем ещё заказывать",0
705,"Добрый день. Очень люблю ваш канал. Всегда смотрю, но последнее время вы испортились, я так думаю что очень было бы важнее показать фигурное катание Гран При в Москве, нежели футбол каких-то заграничных клубов. Почему так в место наших вы показываете непонятно что. Мне очень вас жаль",0
706,"Кидалово ,служба поддержки не отвечает,меня заблокировали!! перешли на новый сайт и все нет твоего аккаунта,видимо у них схема такая?! Хорошо устроились ребятки! Счастья вам,скрин приложу!",1
707,"на сайте ""Завод Стальных Профилей"" http://metaltp.ru/Заказали у ООО ""Легион"" профилированный стальной лист, оцинкованный.Схема мошеннических действий  четко отработана- скинули счет, оплатили и все, далее по телефону не дозвониться( поставили блокиратор на нас), как только дозваниваешься с др номера - и начинаешь разговор на счет заказа сразу идет обрыв связи и блокировка номера,складов по указанным адресам не обнаружено,обратите внимание на карточку предприятия (а именно номер телефона 8-499-504-32-55,)   обратились в полицию.Сайты, которые принадлежат, либо связаны тем или иным образом с ООО Легион, которая занимается мошенничеством: http://metaltp.ru/ http://www.stroi-profile.ru/ http://www.миршины.рф/ http://electroinstrument.pulscen.ru/ http://totalwine.ru/ http://profspecodegda.ru/ http://speclegion.pulscen.ru/ http://mirstroitelya.pulscen.ru/ http://pipefitings.ru/ http://truboprokat.msk.ru/ http://zavodsp.ru/ телефоны, которые «принадлежат этой же группе компаний Легион». 8-495-268-05-29; 8-499-727-27-12; 8-499-653-50-81; 8-499-504-32-55, 8-499-638-20-43, 8-499-653-97-95, 8-499-638-21-94, 8-499-653-62-93, 8-499-500-96-52, 8-495-374-84-75, 8-499-653-99-34, 8-812-448-47-26, 8-846-212-95-80, 8-495-268-05-60, 8-846-212-95-60, 8-812-425-34-71, 8-812-407-21-35. Они кидают всех…!!! БУДЬТЕ БДИТЕЛЬНЫ!!!",0
708,"Я и мой знакомый так же обратились к Валерию по поводу создания сайтов на основе CMS Amiro.Ситуация та же: предоплата получена, видимость работ создается, получили на выходе 2 почти идентичных картинки, названных ""дизайном"".Как узнали, CMS Amiro им у производителя даже не приобреталась, из списка партнеров Amiro его обещали удалить.Деньги не возвращает.",1
709,Почему Ваше руководство не соизволило прочитать отзывы клиента и ответить на них.У Вас есть слова.Может быть буквы Алфавит я знаю 33 буквы .Жду ответа не от оператора связи а от ответственного лица за Ваши деяния.Сегодня Ваши услуги оправдали мои ожидания и я была довольна сервисом услуг такси отработало на 5 это отлично . Такси вызываю через оператора поэтому проблем... ,1
710,"Заказала вчера ночью такси на 5:20 , сказали что приедет , в итоге утром в 5:20 такси нету,время уже было 5:40 его все нет , итог того , что свободного водителя не было , хотя заказа был сделал уже заранее вчера . Я осталось не довольна",0
711,"Становится понятно, почему услуги сайта предоставляются ""без переплат"".Не возвращаются денежные средства за бронирование, которое было отменено ВЛАДЕЛЬЦЕМ!!!То есть средства за бронирование, которое не состоялось, оставляют себе, не имея никакого права на них.Не понимают, что начисление каких-то виртуальных ""тугриков"" на кошелек на мошенничесmadком сайте не является возвратом денежных средств.После неоднократных обращений перестали выходить на связь.Заявка № 3737889Екатерина8-916-948-81-55",0
712,"Очень надеялся, что фитобочка прослужит хотя бы год, но увы не суждено, прожила наша фитобочка всего 4 месяца. У нас очень сильно прогнило дно, запах стоит на весь дом, не очень приятно если честно. Хотелось бы узнать как можно совершить обмен?",0
713,"Не понимаю, чем люди думают когда лезут в ""мышеловку""...может кому будет интересно вот ссылка на видео по теме--https://youtu.be/bb5FQKeNKUoВсем удачи,и не видитесь это полнейший...розвод!",0
714,"Сволочи нас кинули на 92000 тысячи,оплатил муж холодильник.Жаль,что негативные отзывы появились после оплаты товара.Здоровья им.На холодильник копили долгое время, муж позарился, ведь на 15000 тысяч дешевле. Одновременно оплатил планшет и там мошенники, попали на сто с лишним тысяч.Больше доверять не будем никому. Отправили заявление в полицию, в отдел ""к"". Надежда умирает последней,может найдут управу и на них.",0
715,"radio-kofe.ru Сейчас они называются koffberry.ru  Мошенники! Заманивают низкими ценами, предлагают дешевскую альтенативу по завышенным ценам. Не ведитесь. Постоянно меняют сайты, но наполнение у них одинаковое. Очень много наштампованных положительных отзывов.",0
716,"Менеджер по работе в клиентами Шиконина Яна крайне хамски и мерзко общалась в течение всех переговоров, в результате чего свела на нет сотрудничество и работу. А также произвела крайне негативное решение о компании ""Оптимальные коммуникации"".",0
717,В себе всегда сочетала приятные две вещи – не люблю голые стены в доме и интересуюсь современными талантливыми художниками. Так познакомилась с творчеством Ильменской. Но картину в дом вешать не советую.,0
718,"Согласен с предыдущими отзывами, зачем вы показываете людей которые просто говорят, единственный Евгений Ловчев в футболе разбирается, остальные Родимовы и Аршавины могут только рассуждать после игры, а вот можно было так, или так. Все люди видят и так всё. С букмекирами футбола не стало. А на счёт трансляции, просто смешно. Денег не хватило))) Можно и финал послушать с видом на... ",1
719,"При заявке сказали то что по моему адресу можно подключить 300мб... На такие условия и я соглашался, по приходу мастера сделали лишь 100мб.

По тарифу игровой ничего не подключается, тех поддержка ничего сделать не может.

На следующие утро наблюдал отсутвие интернета.

Прекрасный провайдер!
Давать второй шанс вообще того не стоило.",1
720,"Я,Горшкова Рузалия, комп.№519411303.11.2014 был отправлен возврат (брак/замена) гели, код №27366.Квитанция о почтовых расходах была отправлена в компанию в ""отдел возвратов"" 03.11.2014г.Продукт был заменен, но не поступила сумма почтовых расходов.Прошу вас разобраться в сложившейся ситуации и компенсировать мне материальный ущерб.Квитанцию почтовых расходов прилагаю.      Горшкова Р.М.        25.12.2014г.",0
721,"Хочу пожаловаться на этого "" чудо водителя"" . Вызывала такси маме, она ехала на кладбище. Сделала заказ через интернет. Построила маршрут, оплатила картой.Водитель довез ее до кладбища и высадил пожилого человека там, где посчитал нужным, заявив , что оплачено по карте до этого места, даже не предложив продлить маршрут и доплатить по карте или наличными за 200 метров проезда.... ",1
722,"Конечно, как здравого человека вас это пугает но обратившись в ГК ""Инновации"" вам расскажут что все прекрасно и никакого кризиса не существует, просто приносите деньги и все будет супер) Но а потом у Вас начинаются проблемы: деньги будут выводить с запозданием, кормить завтраками...",1
723,"Крайне не доволен работой ""мастеров"" фирмы. Во-первых, само отношение к клеинту какое-то хамское. Прораб всегда нервный, как не позвонишь у него все дела. Сроки сорвали, к смете плюс сто тысяч в итоге прибавили. Что-то я вообще не доволен таким ремонтом!",1
724,"Купила в конце апреля. Перестал работать сенсор! Еще зависает постоянно, ну это из-за скачанных приложений, я так полагаю. Завтра пойду его возвращать! Хотя поначалу мне этот телефон нравился!",0
725,"Ни в коем случае не нанимайте таджиков! Очень, очень, очень сильно пожалеете потом! Если вы из Москвы или Подмосковья, остерегайтесь попасть на следующих бракоделов, таджиков - граждан Узбекистана по паспорту (от их ""ремонтов"" пострадало уже немало человек), не умеющих ничего, кроме того, как портить стройматериалы, обманывать и красть деньги. ",1
726,"Пришла смс, что заказ ожидает в месте получения- вроде все отлично. Думаю дай позвоню в пункт выдачи и узнаю, может есть услуга срочной доставки прямо домой. Вес посылки около 30 кг, придется такси вызывать, да и с работы устал, еле ноги волочу. К слову до пункта метров 500 и до закрытия еще 2 часа. Попытка не пытка- тем более если... ",0
727,"Джони завалили по всем фронтам и отобрали у него победу. Он лучший наставник этого сезона, а Андрей Прибыльский - лучший голос!
Полнейшее разочарование сезоном.",0
728,"Пользуюсь услугами данного оператора давно, все более чем устраивает. Спасибо огромное за достойную связь и интернет за разумные деньги. Пробовал всех операторов связи, Мегафон лучшие. Лояльность к клиентам на высоте. Спасибо",0
729,"Самый лучший магазин. Доставка в день заявки, до Подольска 850 рублей. Но телевизор был дешевле, чем в других компаниях на 3 тыс почти",0
730,"Ага. Ноутбук 17"" Алиенваре, который везде стОит 110-120 тыр., в УниверСторе стОит 17. И бесплатная доставка по стране. Верю, а какже -)МВД - позор вам!!!",1
731,"Познакомились в поездке с хорошей женщиной проводником Женечкой Коваленко, очень замечательный человек, когда узнали на обратном пути что её заставили уволиться были разачарованны,её коллеги расказали что её вынудили уволиться не смотря на то что Женечка любила свою професию и работу. Что за изверги работают в вашем Иркутске? Может руководителей сменить, а не замечательных проводников",0
732,"Чудесный мастер ""на все руки"" берется за любые работы, но делает только то что легче и бросает не доделав. К электрике не подпускать!!! будете переделывать всё. Предоплата за материалы пропадет - ни денег ни материалов. А вот ваши материалы, которые этот товарищ посчитает с запасом, вы сможете найти на его участке.Человек непорядочный и без принципов.",1
733,"Высылаю дополнительные фото к предыдущему отрицательному отзыву - по ним можно в полной мере ознакомиться с качеством предоставляемых Максименко Сергеем Альбертовичем услуг.И как дополнение: после того как данный ""мастер"" поспешно ретировался с объекта, осталось много материала, который я закупил по его запросу, но в процессе работы он остался невостребованным (серпянка, малярная сетка для шпатлёвки потолка, грунтовка, утеплитель и т.д.)Сказал, что прогрунтовал все швы и этого достаточно, большее якобы в смету не заложено. Интересно конечно, зачем незатёртые швы грунтовать - на фото состояние многих из этих швов прекрасно видно.",1
734,"Центр просто занимается мошенничеством и вымогательством! Не верьте результатам их так называемых ""анализов""!!! Все положительные отзывы, похоже, ими же и КУПЛЕНЫ!",1
735,"Верю и поддерживаю! Компания  Elektrodiskont 100 % мошенники!!! Стоит зажать их менеджера в угол сразу хамят и повышают тон. ЛОХОТРОН ... те кто  еще думает обращаться с ними или нет, однозначно забудьте про них  пока не поздно.Наживете новую головную боль.....Всех с наступающим  Новым 2021 годом!Здоровья Вам и счастья!!!",0
736,"То он участник голой вечеринки, то он в Большом театре на юбилее у Пахмутовой в патриотическом стиле ""весь из себя"", ну, и конечно, безоговорочный премиант шоу-бизнеса - мастер на всё и всех! А кто может, хоть, одну его песню спеть? А теперь ещё и лучший наставник и его подопечный Иголкин - победитель!!! Билана готовят на присуждение народного звания? Слишком... ",1
737,Недавно начал работать в такси и пока так сказать осваиваюсь. Пока мне все нравится и работаю я несколько дней в неделю. Служба такси мне подходит и я ее рекомендую.,0
738,"Недавно мне на глаза попалась цитата, которая мне понравилась: «За всё благодарите». Так как сегодня международный день таксиста, пользуясь моментом, захотелось выразить благодарность за ваш нелёгкий и очень нужный труд. Заметно, что вы стараетесь поддерживать чистоту и техническое состояние автомобилей. Очень удобно, что в любое время суток можно воспользоваться вашими услугами. Хочу пожелать гладкой прямой дороги, и пусть в пути... ",0
739,"В начале января перестал работать роутер. Диспетчер ФСС озвучила цену - 400 рублей. Приехал мастер, в течение 10 минут сделал диагностику (по рекламе - бесплатную) и заявил, что роутер неисправен и что я должен ему за работу 1250 рублей, но так как они очень ценят клиентов, то он сделает скидку и возьмет всего 800 рублей. Действительно, очень хорошая организация, за бесплатную диагностику ""всего"" 800 рублей, ничего не сделав для устранения неисправности!",1
740,"если коротко , то она у меня проработала всего 4 дня и сломался капучинатор мне её починили вернули назад и через 5 дней отять сломался капучинатор. затем мне поменяли на новую BERLONI 15 м она тоже сломалась через неделю, и опять капучинатор. вот так мне повезло! и теперь я задаюсь вопросом чтоже я такое купил , итальянскую кофемашину или хлам?",1
741,"Е.крид. Ну дайте певцам равнозначные песни.Ну нет.Крид слил Рагду.Как можно сравнивать девчонок в финале у Енора.Рагда с и л ь н е е однозначно.
Вот Пелагея в этот раз молодец.Егор ты удод.",0
742,"Я сделала правильно, что после третьего дня слепых прослушиваний больше не смотрю когда-то любимое мною шоу ""Голос"". Читая отзывы о последующих днях, я поняла, что ни наставники, ни руководство 1канала, ни организаторы проекта абсолютно не интересуются мнением зрителей, не читают их комментарии, а если и читают, то ничего не желают менять и исправлять. Народ просто возмущенно кричит, что... ",0
743,"Не заказывайте по интернету и не верьте положительным отзывам мошенникам ООО ""СТЕЛС"", ООО ПИМ (ПОЧТА), посылают некачественный товар и в меньшем количестве, я заказывала 4 комплекта постельного белья, мне прислали 2 и те ужасного качества, никто на мою жалобу по телефону не отреагировал, нет никакого постпродажного обслуживания. Чистой воды жульё.",0
744,"Когда показывали рост % зрительских голосов, было видно, что у Олеси самая низкая ""движуха""! И вдруг - о, чудо! проценты так и посыпались! Вся страна видела и слышала, что Олеся была слабейшей в этой тройке!Опять обман!Нужно аннулировать подделанные результаты голосования!",1
745,"Добрый день. Купили 24 мая 2015 года через интернет (к сожалению, сайт не сохранили) мобильный телефон Samsung GT-I9300 в этой компании. Соблазнила низкая цена в 9440 руб.Наушники оказались ужасными в плане звука (при курьере не проверяли), надпись SAMSUNG на задней крышке начала отлетать уже через месяц эксплуатации.Через пару месяцев телефон перестал видеть сим-карту.Сервисный центр еле удалось отыскать на Савеловском рынке, по гарантии телефон чинить не стали, а предложили замену модема за 1500 рублей, хотя на гарантийном талоне написано ""первые 12 месяцев бесплатного сервисного обслуживания включает проведение бесплатного ремонта с заменой необходимых запчастей"".Еще через пару месяцев перестала работать кнопка меню и сенсор не всегда откликается.По телефону сервисного центра 8-965-403-87-87 трубку никто не берет",0
746,Поезд 102 Москва -Адлер проводник Расул. Отзывчивый внимательный и вежливый . Большое спасибо за таких проводников!,0
747,"Петров Евгений аля Сувениров ты сам себе отзывы уже писать начал?? В который раз поражаюсь реалиям современного бизнеса)Вместо того чтобы честно работать и получать положительные фидбеки юные ""бизнесмены"" пишут положительные отзывы сами о себе. Смешно и грустно одновременно.А ты товарищ Петров как был мошенником, так им и остался. И отзывы положительные не спасут)",1
748,"Позвонили,предложили заработать,поверил......, перевел 100$,перезвонила ""брокер""по имени Эрика М. приятный голос,много обещаний о прибыли....много положительных прогнозов,постоянные уговоры о пополнении баланса.Поверил, пополнил.....за два дня -2000$)))))),еще и меня обвинила ,что вовремя не пополнил счет  еще на 1000$....и по этому Я все потерял,я был в шоке.",1
749,"Покупал не один раз, сейчас купил только кабель - и теперь порадовала - доставка день в день - очень оперативно и Круто и по деньгам - как всегда на Высоте)!
Спасибо!",0
750,"Заказали в интернет-магазине BRENDCHINA товар, консультанты попросили его оплатить через Киви-кошелек, теперь утверждают, что такая система давно не работает, денег у них нет, товара никакого не будет (мы им и квитанцию оплаты отправили даже с печатью банка, в ответ услышали, что банки Казахстана корявые). Мало того, оскорбляют и матерят нас,присылают угрозы на почту. Если кому то не жалко потраченных нервов и денег - то Вам этот магазин понравится!",1
751,"Сдэк это самое большая ошибка моей жизни!!!!больше никогда в жизни не буду пользоваться этой конченной компанией!!!эти операторы и курьеры приняты прямиком из галухи.... тупые как валенки...в пятницу 22.12.2017 г. из города Чехов московской области, была отправлена посылка стоимостью 60 000 рублей!!! Я должна была ее получить в пятницу , т.к. Находила на совещании трубку на незнакомый номер взять не смогла,... ",0
752,"Это что то с чем то, очень хорошая футбольная команда получилась бы из сотрудников Ростелеком, может и призовые места стала бы наша страна занимать, но не более, они так прекрасно футболят клиентов, что диву даешься. Компетенции сотрудниклв можно только позавидовать, это полная безграмотность и не желание решать вопросы. Если вы видели черепаху, то это спринтер по сравнению с решением вопросов... ",1
753,"Никита Митрохин подлец и негодяй, который уже давно должен гнить в тюрьме!Мало того, что он обворовывает авторов. В своей""Краткой литературной энциклопедии он размещает ложную , гнусную клевету на авторов , чем то ему не угодивших. МИТРОХИН - я тебя проклинаю за твои подлые деяния!!! Будь ты трижды проклят и на этом свете и на том!!!",0
754,"technoelit.ru Возраст домена 5 дней.Адрес левый. Москва, ул.Донецкая д.1, павильон № 268. Заказывайте по акции и будет вам ""СЧАСТЬЕ"". Пустышка.  tekhnocentr.ru прикрыли,походу это они, теперь по другому оформили сайт.",1
755,"Обманывают мастеров !!! Директор компании Денис Струтин  кормит мастеров ""завтраками"" .Ну и как Вы думаете какие у Вас Будут Ваши дома? Эта компания мне очень не приятна !",0
756,"Не понимаю, как купила медицинские изделия для лечения варикоза за 84900. Обратилась в суд, дело выиграла, все окупилось! Спасибо юристам Не бойтесь обращайтесь в суд только юристов хороших выбирайте, всем удачи!",0
757,"http://h200-plate.ru/ подобные (а может и те же самые) мошенники.Теперь это фуфло выдают за немецкое ""изобретение"". И снова бедные пенсионеры начнут писать: ""Я заказывал немецкую чюдо-антенну, а вы по ошибке прислали мне китайскую. Прошу обменять"".",1
758,"Добрый вечер, с какого оба коментатора на матч ТВ болею за команду одну у себя дома??? Любовь к хоккей и ещё раз",0
759,"Шикарный магазин, большой ассортимент товара с низкими ценами, быстрой доставкой и оперативным сервисом. Пользуюсь его услугами уже 4 года. Ни разу не пришлось обращаться в сервисы. Большое спасибо Плееру!",0
760,"В очередной раз препятствуют выдаче посылки (за перевозку которой клиент оплачивает на месте!!!), по причине якобы накопившейся старой задолженности.
К сожалению, по старой договоренности отправили посылку в Крым через СДЭК, предварительно заручившись заверением, что никаких блокировок по причине задолженности нет. И, разумеется, они эту блокировку поставили сразу, как посылка пришла на пункт выдачи. Молодцы, очень умно, наверное IQ зашкаливает у сотрудников.... ",1
761,"Приобрел настенный крепеж для телека. В магазине понравился выбор и цена. С размерами правда сложновато было, там в описании не сразу разберешься, так что решил перестраховаться и уточнить размеры у менеджера. Заказ забрал на следующий день после резерва, крепеж качественный прочный, уже установил, все отлично.",0
762,"ООО ""Контроль"" ИНН 0274183606, тоже брали товар, правда на около 120 000, уже третий месяц только обещают! То что то сломалось, то инвойсы не те, то понос, то золотуха!!! Не работайте с этой компанией!",1
763,"Самая непостоянная сеть, постоянные вылеты интернета. Замена этого провайдера самое идеальное предложение для всей России.",0
764,"По приезде в студию выяснилось,что их вентилятор работает примерно как дешёвый фен , а свет имеет только один режим ,напоминающий освещение в больничной палате.. Естественно,работать с этим было невозможно,были вынуждены отказаться, на что персонал любезно потребовал с нас деньги за 30 проведённых минут в их суперстудии)) Хромакей-полный провал .",1
